INCIDENT_REPORTED_DATE,CATEGORY,ADDRESS,INCIDENT_ID
4/6/2005,DISORDERLY CONDUCT,"1700 CLAY HILL AVE, HACIENDA HEIGHTS, CA",105-05471-1472
4/6/2005,MISCELLANEOUS NON-CRIMINAL,"20300 JENNIFER PL, SANTA CLARITA, CA",105-05475-0634
4/6/2005,GRAND THEFT AUTO,"10700 PARISE DR, WHITTIER, CA  90604",405-06579-0492
4/6/2005,VEHICLE / BOATING LAWS,"GARDENDALE ST AND HANWELL AVE, BELLFLOWER, CA  90706",105-09245-1332
4/6/2005,VEHICLE / BOATING LAWS,"10400 RUSH ST, SOUTH EL MONTE, CA",105-05036-0560
4/6/2005,LARCENY THEFT,"6600 SAN VICENTE ST, PARAMOUNT, CA  90723",405-09246-1363
4/6/2005,MISCELLANEOUS NON-CRIMINAL,"11600 AVIATION BLVD, LOS ANGELES, CA",105-02431-6056
4/6/2005,MISCELLANEOUS NON-CRIMINAL,"COMPTON BLVD AND BRADFIELD AVE, COMPTON, CA",105-05095-2846
4/6/2005,GRAND THEFT AUTO,"224TH ST AND MARBELLA AVE, CARSON, CA",605-04325-1624
4/6/2005,MISCELLANEOUS NON-CRIMINAL,"12800 NORWALK BLVD, NORWALK, CA",105-06580-0454
4/6/2005,GRAND THEFT AUTO,"20300 S BELSHAW AVE, CARSON, CA",605-04326-1615
4/6/2005,LARCENY THEFT,"26900 THE OLD ROAD RD, STEVENSON RANCH, CA  91381",505-05476-0664
4/6/2005,JUVENILE NON-CRIMINAL,"37700 DUFFELL ST, PALMDALE, CA",105-06093-2607
4/6/2005,MISCELLANEOUS NON-CRIMINAL,"ARTESIA AND BLOOMFIELD AVE, CERRITOS, CA  90703",105-01740-2316
4/6/2005,MISCELLANEOUS NON-CRIMINAL,"ATLANTIC AVE AND ALONDRA BLVD, COMPTON, CA  90220",105-05096-2847
4/6/2005,BURGLARY,"14400 SOLEDAD CANYON RD, CANYON COUNTRY, CA  91351",505-05477-0653
4/6/2005,LARCENY THEFT,"1200 E AVENUE S, PALMDALE, CA",405-06094-2603
4/6/2005,MISCELLANEOUS NON-CRIMINAL,"1200 MAPLE FIELD ST, SOUTH EL MONTE, CA  91733",105-05038-0562
4/6/2005,LARCENY THEFT,"2400 RANSOM ST, COMMERCE, CA  90040",405-03914-0242
4/6/2005,GRAND THEFT AUTO,"1200 CACTUS DR, PALMDALE, CA",505-06095-2611
4/6/2005,NON-AGGRAVATED ASSAULTS,"500 BAUCHET ST, LOS ANGELES, CA  90012",005-00476-5100
4/6/2005,VEHICLE / BOATING LAWS,"257TH ST AND WALNUT ST, LOMITA, CA  90717",105-01260-1712
4/6/2005,FELONIES MISCELLANEOUS,"10700 CERES AVE, WHITTIER, CA",405-06582-0492
4/6/2005,VANDALISM,"17800 BLCK VICTORY BLVD, VAN NUYS, CA",405-02432-6884
4/6/2005,VANDALISM,"17800 BLCK VICTORY BLVD, VAN NUYS, CA",405-02433-6884
4/6/2005,VANDALISM,"17800 BLCK VICTORY BLVD, VAN NUYS, CA",405-02434-6884
4/6/2005,VANDALISM,"17800 BLCK VICTORY BLVD, VAN NUYS, CA",405-02435-6884
4/6/2005,VANDALISM,"11800 BLCK VICTORY BLVD, VAN NUYS, CA",405-02436-6884
4/6/2005,LARCENY THEFT,"600 N SPRING AVE, COMPTON, CA  90221",405-05097-2822
4/6/2005,GRAND THEFT AUTO,"10200 REGATTA AVE, WHITTIER, CA",605-06583-0492
4/6/2005,GRAND THEFT AUTO,"22100 S FRIES AVE, CARSON, CA",605-04327-1618
4/6/2005,MISCELLANEOUS NON-CRIMINAL,"23700 MAILBU RD, MALIBU, CA",105-01925-1014
4/6/2005,MISDEMEANORS MISCELLANEOUS,"16300 LANDMARK AVE, WHITTIER, CA",105-06584-0497
4/6/2005,VEHICLE / BOATING LAWS,"HOLLOWAY DR AND LA CIENEGA BLVD, WEST HOLLYWOOD, CA",105-02367-0976
4/6/2005,MISCELLANEOUS NON-CRIMINAL,"3900 STOCKER ST, LOS ANGELES, CA  90008",105-00811-2763
4/6/2005,MISCELLANEOUS NON-CRIMINAL,"16300 PARAMOUNT BLVD, PARAMOUNT, CA  90723",105-09248-1368
4/6/2005,MISCELLANEOUS NON-CRIMINAL,"700 W CORREGIDOR, COMPTON, CA  90220",105-05098-2835
4/6/2005,DISORDERLY CONDUCT,"31000 LOBO CYN RD, AGOURA, CA",105-01926-2211
4/6/2005,AGGRAVATED ASSAULT,"1800 E COMPTON BLVD, COMPTON, CA",405-05099-2846
4/6/2005,GRAND THEFT AUTO,"10500 IMPERIAL HWY, NORWALK, CA",605-06585-0453
4/6/2005,RECEIVING STOLEN PROPERTY,"SOUTH ST AND WOODRUFF AVE, LAKEWOOD, CA",505-09249-1326
4/6/2005,LARCENY THEFT,"23500 AMBERWICK PL, DIAMOND BAR, CA",405-02676-2925
4/6/2005,VEHICLE / BOATING LAWS,"SOLEDAD CANYON RD AND GOLDEN OAK RD, SANTA CLARITA, CA",105-05478-0647
4/6/2005,VANDALISM,"22800 S CATSKILL AVE, CARSON, CA",105-04328-1624
4/6/2005,LARCENY THEFT,"10400 BUDLONG AVE, LOS ANGELES, CA",405-03321-0372
4/6/2005,MISDEMEANORS MISCELLANEOUS,"PALM ST AND WOODRUFF AVE, BELLFLOWER, CA  90706",105-09250-1336
4/6/2005,LARCENY THEFT,"4300 FREEDOM DR, CALABASAS, CA  91302",405-01927-2248
4/6/2005,MISCELLANEOUS NON-CRIMINAL,"ROSECRANS AVE AND SHOEMAKER AVE, NORWALK, CA",105-06586-0459
4/6/2005,SEX OFFENSES MISDEMEANORS,"CALDWELL ST AND CHESTER AVE, COMPTON, CA  90221",405-05100-2844
4/6/2005,MISCELLANEOUS NON-CRIMINAL,"5300 WHITTIER BLVD, COMMERCE, CA",105-03915-0242
4/6/2005,VEHICLE / BOATING LAWS,"NORWALK BLVD AND ARTESIA BLVD, CERRITOS, CA  90703",105-01741-2318
4/6/2005,LARCENY THEFT,"22300 S GRACE AVE, CARSON, CA",405-04329-1617
4/6/2005,JUVENILE NON-CRIMINAL,"700 HUMPHREYS AVE, EAST LOS ANGELES, CA  90022",105-03916-0283
4/6/2005,VEHICLE / BOATING LAWS,"CLARK AVE AND PALM ST, BELLFLOWER, CA  90706",105-09251-1335
4/6/2005,LARCENY THEFT,"16500 CORNUTA AVE, BELLFLOWER, CA  90706",405-09252-1337
4/6/2005,MISDEMEANORS MISCELLANEOUS,"2300 FOOTHILL BLVD, LA CANADA, CA",105-00711-1260
4/6/2005,BURGLARY,"14400 ROSECRANS AVE, LA MIRADA, CA  90638",505-06587-0472
4/6/2005,GRAND THEFT AUTO,"3700 ROCKHOLD AVE, ROSEMEAD, CA",605-05039-0531
4/6/2005,MISCELLANEOUS NON-CRIMINAL,"LANKERSHIM BLVD AND OTSEGO AVE, N HOLLYWOOD, CA",105-02438-6884
4/6/2005,MISCELLANEOUS NON-CRIMINAL,"11200 HAWTHORNE BLVD, HAWTHORNE, CA",105-02439-6059
4/6/2005,PERSONS DEAD,"20100 S BELSHAW AVE, CARSON, CA  90746",005-04330-1615
4/6/2005,VEHICLE / BOATING LAWS,"6300 WINNETKA AVE, WOODLAND HILLS, CA  91371",105-00419-8757
4/6/2005,ACCIDENTS TRAFFIC/VEH./BOAT,"25TH ST E AND HAROLD RD, PALMDALE, CA",105-06096-2603
4/6/2005,LARCENY THEFT,"4100 WATSON PLAZA DR, LAKEWOOD, CA  90712",105-09253-1323
4/6/2005,MISCELLANEOUS NON-CRIMINAL,"7800 GOLONDRINAS ST, DOWNEY, CA  90242",405-00011-3900
4/6/2005,FRAUD AND NSF CHECKS,", RANCHO CORDOVA, CA",405-05040-0521
4/6/2005,FORGERY,"11200 HAWTHORNE BLVD, HAWTHORNE, CA",405-02440-6059
4/6/2005,NARCOTICS,"43500 MELODY LN, LANCASTER, CA  93534",405-06943-1123
4/6/2005,VEHICLE / BOATING LAWS,"BURIN AVE AND S ROSECRANS AVE, LAWNDALE, CA  90260",105-03322-0332
4/6/2005,MISCELLANEOUS NON-CRIMINAL,"29400 THE OLD ROAD, CASTAIC, CA",105-00237-5630
4/6/2005,GRAND THEFT AUTO,"16700 WOODRUFF AVE, BELLFLOWER, CA  90706",605-09254-1333
4/6/2005,VEHICLE / BOATING LAWS,"NORTON AVE AND SANTA FE, LYNWOOD, CA  90262",105-05408-2111
4/6/2005,MISCELLANEOUS NON-CRIMINAL,"300 W COMPTON BLVD, COMPTON, CA",105-05101-2835
4/6/2005,NARCOTICS,"PADDISON AND OLIVE, NORWALK, CA",105-06588-0454
4/6/2005,BURGLARY,"4600 WHITTIER BLVD, EAST LOS ANGELES, CA  90022",405-03917-0293
4/6/2005,VANDALISM,"28800 COVECREST DR, RANCHO PALOS VERDES, CA  90275",105-01261-1734
4/6/2005,BURGLARY,"14800 RYON AVE, BELLFLOWER, CA  90706",405-09255-1332
4/6/2005,FRAUD AND NSF CHECKS,"1500 S LONESS AVE, COMPTON, CA",405-05102-2872
4/6/2005,MISCELLANEOUS NON-CRIMINAL,"2000 LERONA AVE, ROWLAND HEIGHTS, CA  91748",105-02677-2935
4/6/2005,BURGLARY,"2600 ROSEMEAD BLVD, SOUTH EL MONTE, CA",405-05041-0560
4/6/2005,MISCELLANEOUS NON-CRIMINAL,"500 BAUCHET ST, LOS ANGELES, CA  90012",105-00619-5120
4/6/2005,LARCENY THEFT,"14800 STUDEBAKER RD, NORWALK, CA  90650",405-06589-0455
4/6/2005,WEAPON LAWS,"17400 MAIN ST, LA PUENTE, CA",405-05472-1435
4/6/2005,MISCELLANEOUS NON-CRIMINAL,"10900 LAKELAND RD, NORWALK, CA",105-06590-0451
4/6/2005,NON-AGGRAVATED ASSAULTS,"5600 CONNA BETH AVE, AZUSA, CA",505-01968-0869
4/6/2005,NON-AGGRAVATED ASSAULTS,"441 BAUCHET ST AND A-8, LOS ANGELES, CA  90012",005-00477-5100
4/6/2005,GRAND THEFT AUTO,"700 E AVENUE H14, LANCASTER, CA",605-06944-1131
4/6/2005,MISCELLANEOUS NON-CRIMINAL,"REICHLING LN AND BROADWAY, WHITTIER, CA",105-03134-1575
4/6/2005,MISCELLANEOUS NON-CRIMINAL,"500 BAUCHET ST, LOS ANGELES, CA  90012",105-00620-5120
4/6/2005,MISCELLANEOUS NON-CRIMINAL,"1200 7TH AVE, HACIENDA HEIGHTS, CA",405-05473-1477
4/6/2005,LARCENY THEFT,"10900 LA CIENEGA BLVD, LENNOX, CA",505-03323-0382
4/6/2005,MISCELLANEOUS NON-CRIMINAL,"26900 CALUDETTE ST, CANYON COUNTRY, CA",105-05479-0634
4/6/2005,MISCELLANEOUS NON-CRIMINAL,"11200 S RAYMOND AVE, LOS ANGELES, CA",105-03324-0375
4/6/2005,FELONIES MISCELLANEOUS,"13200 STUDEBAKER RD, NORWALK, CA  90650",405-00151-4151
4/6/2005,LARCENY THEFT,"7100 SOMERSET BLVD, PARAMOUNT, CA  90723",405-09256-1366
4/6/2005,FRAUD AND NSF CHECKS,"1500 LAUREL AVE, WEST HOLLYWOOD, CA  90069",405-02368-0975
4/6/2005,ACCIDENTS TRAFFIC/VEH./BOAT,"LA MIRADA BLVD AND IMPERIAL HWY, LA MIRADA, CA",105-06591-0462
4/6/2005,NON-AGGRAVATED ASSAULTS,"500 S FETTERLY AVE, EAST LOS ANGELES, CA  90022",405-03918-0284
4/6/2005,MISCELLANEOUS NON-CRIMINAL,"600 W LANCASTER BLVD, LANCASTER, CA  93534",105-06945-1122
4/6/2005,MISCELLANEOUS NON-CRIMINAL,"E AVENUE K AND 120TH ST E, LANCASTER, CA  93535",105-06946-1195
4/6/2005,VANDALISM,"28900 KING AUTHUR CT, RANCHO PALOS VERDES, CA  90275",405-01262-1734
4/6/2005,FORGERY,"11300 LONG BEACH BLVD, LYNWOOD, CA  90262",405-05410-2112
4/6/2005,MISCELLANEOUS NON-CRIMINAL,"2500 BLK CONTINENTAL, SOUTH EL MONTE, CA",105-05042-0562
4/6/2005,NARCOTICS,"2800 DELTA AVE, ROSEMEAD, CA",105-05043-0533
4/6/2005,MISCELLANEOUS NON-CRIMINAL,"26900 CLAUDETTE ST, SANTA CLARITA, CA",105-05480-0634
4/6/2005,PERSONS DEAD,"600 E HARDY, INGLEWOOD, CA  90302",005-03325-0374
4/6/2005,BURGLARY,"45600 55TH ST W, LANCASTER, CA",405-06947-1120
4/6/2005,SEX OFFENSES FELONIES,"15400 ORANGE AVE, PARAMOUNT, CA  90723",005-09257-1366
4/6/2005,VEHICLE / BOATING LAWS,"DWIGHT AVE AND COMPTON, COMPTON, CA  90220",105-05103-2811
4/6/2005,LARCENY THEFT,"10400 RUSH ST, SOUTH EL MONTE, CA",405-05044-0561
4/6/2005,ACCIDENTS TRAFFIC/VEH./BOAT,"42600 LA GABRIELLA DR, QUARTZ HILL, CA",105-06948-1182
4/6/2005,DISORDERLY CONDUCT,"9900 BELMONT ST, BELLFLOWER, CA  90706",105-09258-1334
4/6/2005,MISCELLANEOUS NON-CRIMINAL,"300 157TH ST, GARDENA, CA",105-05104-2871
4/6/2005,NON-AGGRAVATED ASSAULTS,"MELROSE AVE AND HUNTLEY DR, WEST HOLLYWOOD, CA",105-02369-0972
4/6/2005,MISCELLANEOUS NON-CRIMINAL,"800 S BELDEN AVE, LOS ANGELES, CA",105-03919-0286
4/6/2005,JUVENILE NON-CRIMINAL,"38000 30TH ST E, PALMDALE, CA",105-06097-2608
4/6/2005,ACCIDENTS TRAFFIC/VEH./BOAT,"THOUSAND OAKS BLVD AND CARELL AVE, AGOURA HILLS, CA  91301",105-01928-2228
4/6/2005,MISCELLANEOUS NON-CRIMINAL,"20500 E ARROW HWY, COVINA, CA",105-01969-0870
4/6/2005,FRAUD AND NSF CHECKS,"44100 ENGLE WAY, LANCASTER, CA  93536",405-06949-1127
4/6/2005,FRAUD AND NSF CHECKS,"7300 WALNUT AVE, PARAMOUNT, CA  90723",405-09259-1361
4/6/2005,FELONIES MISCELLANEOUS,"26200 MAGIC MOUNTAIN PKWY, VALENCIA, CA  91355",405-05481-0690
4/6/2005,MISCELLANEOUS NON-CRIMINAL,"GALE AVE AND TURNBULL CANYON RD, HACIENDA HEIGHTS, CA",105-05474-1478
4/6/2005,MISCELLANEOUS NON-CRIMINAL,"2300 ELECTRA, ROWLAND HEIGHTS, CA  91748",105-02678-2935
4/6/2005,MISCELLANEOUS NON-CRIMINAL,"44600 2ND ST E, LANCASTER, CA  93535",105-06950-1132
4/6/2005,MISCELLANEOUS NON-CRIMINAL,"SWEETZER AVE AND N WILLOUGHBY AVE, WEST HOLLYWOOD, CA",105-02370-0976
4/6/2005,PERSONS MISSING,"5400 LAS VIRGENES RD, CALABASAS, CA  91302",005-01929-2243
4/6/2005,MISDEMEANORS MISCELLANEOUS,"500 BAUCHET ST, LOS ANGELES, CA  90012",405-00621-5120
4/6/2005,VEHICLE / BOATING LAWS,"1400 W AVENUE J3, LANCASTER, CA  93534",105-06951-1125
4/6/2005,MISDEMEANORS MISCELLANEOUS,"9600 OAK ST, BELLFLOWER, CA  90706",105-09260-1334
4/6/2005,PERSONS MISSING,"500 E 132ND ST, LOS ANGELES, CA",005-05411-2141
4/6/2005,ACCIDENTS TRAFFIC/VEH./BOAT,"RUSH ST AND SANTA ANITA AVE, SOUTH EL MONTE, CA",105-05045-0560
4/6/2005,GRAND THEFT AUTO,"44700 VALLEY CENTRAL WAY, LANCASTER, CA",605-06952-1127
4/6/2005,MISCELLANEOUS NON-CRIMINAL,"1800 66TH ST, LOS ANGELES, CA",105-05412-2171
4/6/2005,LARCENY THEFT,"1500 KWIS AVE, HACIENDA HEIGHTS, CA",105-05475-1476
4/6/2005,LARCENY THEFT,"2300 N GRAPE AVE, COMPTON, CA  90220",105-05105-2811
4/6/2005,GRAND THEFT AUTO,"18300 VIA DICHA, ROWLAND HEIGHTS, CA",405-02679-2930
4/6/2005,MISCELLANEOUS NON-CRIMINAL,"4300 ALVADA ST, LOS ANGELES, CA",105-05413-2117
4/6/2005,MISCELLANEOUS NON-CRIMINAL,"5300 COLODNY DR, AGOURA HILLS, CA  91301",105-01930-2223
4/6/2005,FRAUD AND NSF CHECKS,"43600 GADSDEN AVE, LANCASTER, CA  93534",405-06953-1124
4/6/2005,LARCENY THEFT,"44200 DEVOL ST, LANCASTER, CA  93535",405-06954-1137
4/6/2005,MISCELLANEOUS NON-CRIMINAL,"1500 BLK POTRERO GRANDE, SOUTH SAN GABRIEL, CA",105-05046-0571
4/6/2005,LARCENY THEFT,"11000 HOBART AVE, LOS ANGELES, CA  90044",405-03326-0374
4/6/2005,MISCELLANEOUS NON-CRIMINAL,"300 N ROWAN AVE, EAST LOS ANGELES, CA",105-03920-0275
4/6/2005,RECEIVING STOLEN PROPERTY,"AVENUE Q-3 AND 2ND ST E, PALMDALE, CA",505-06098-2611
4/6/2005,VEHICLE / BOATING LAWS,"DWIGHT AVE AND MAGNOLIA ST, COMPTON, CA  90220",105-05106-2811
4/6/2005,MISCELLANEOUS NON-CRIMINAL,"1500 BLK POTRERO GRANDE, SOUTH SAN GABRIEL, CA",105-05047-0571
4/6/2005,GRAND THEFT AUTO,"16900 S FIGUEROA ST, CARSON, CA",605-04333-1610
4/6/2005,MISCELLANEOUS NON-CRIMINAL,"500 N TOWNSEND AVE, EAST LOS ANGELES, CA  90022",405-03921-0275
4/6/2005,LARCENY THEFT,"6700 PASSONS BLVD, PICO RIVERA, CA",005-03135-1515
4/6/2005,NON-AGGRAVATED ASSAULTS,"1400 FAIRLEE AVE, DUARTE, CA",505-05048-0542
4/6/2005,JUVENILE NON-CRIMINAL,,105-03136-1578
4/6/2005,NARCOTICS,"9200 ALONDRA BLVD, BELLFLOWER, CA  90706",405-09262-1334
4/6/2005,PERSONS MISSING,"1700 E DIMONDALE DR, CARSON, CA  90746",005-04334-1616
4/6/2005,PERSONS MISSING,"1900 E DENWALL DR, CARSON, CA  90746",005-04335-1616
4/6/2005,FORGERY,"17300 VALLEY BLVD, LA PUENTE, CA",405-05476-1435
4/6/2005,MISCELLANEOUS NON-CRIMINAL,"18800 AGUIRO, ROWLAND HEIGHTS, CA  91748",105-02680-2932
4/6/2005,BURGLARY,"400 W BENNETT ST, COMPTON, CA  90221",405-05107-2836
4/6/2005,MISCELLANEOUS NON-CRIMINAL,"600 S ATLANTIC BLVD, EAST LOS ANGELES, CA  90022",505-03923-0285
4/6/2005,MISCELLANEOUS NON-CRIMINAL,"11600 S COLIMA RD, WHITTIER, CA  90604",405-00049-2008
4/6/2005,LARCENY THEFT,"5900 SOUTH ST, LAKEWOOD, CA  90711",405-09263-1321
4/6/2005,VANDALISM,"2200 E AVENUE Q-5, PALMDALE, CA",105-06100-2608
4/6/2005,ACCIDENTS TRAFFIC/VEH./BOAT,"INDUSTRY CIR AND ARTESIA BLVD, LA MIRADA, CA",105-06592-0466
4/6/2005,LARCENY THEFT,"45100 TREVOR AVE, LANCASTER, CA",105-06955-1132
4/6/2005,SEX OFFENSES FELONIES,"6700 S PASSONS BLVD, PICO RIVERA, CA  90660",405-03137-1514
4/6/2005,GRAND THEFT AUTO,"3800 AGNES AVE, LYNWOOD, CA  90262",605-05414-2117
4/6/2005,JUVENILE NON-CRIMINAL,"800 S GAGE AVE, EAST LOS ANGELES, CA  90023",105-03924-0277
4/6/2005,NARCOTICS,"45200 DIVISION ST, LANCASTER, CA",405-06956-1127
4/6/2005,VEHICLE / BOATING LAWS,"AMAR RD AND FOXWORTH AVE, WEST VALINDA, CA",105-05477-1421
4/6/2005,ACCIDENTS TRAFFIC/VEH./BOAT,"44300 15TH ST W, LANCASTER, CA",105-06957-1126
4/6/2005,FRAUD AND NSF CHECKS,"2600 TURNBULL CANYON RD, HACIENDA HEIGHTS, CA",405-05478-1477
4/6/2005,BURGLARY,"2700 RIVER AVE, ROSEMEAD, CA  91770",405-05049-0534
4/6/2005,LARCENY THEFT,"131ST ST AND WILMINGTON AVE, LOS ANGELES, CA",105-05415-2138
4/6/2005,MISCELLANEOUS NON-CRIMINAL,"CENTRAL AVE AND DIAMONDALE DR, CARSON, CA",405-04336-1615
4/6/2005,BURGLARY,"18000 S SUSANA RD, RANCHO DOMINGUEZ, CA",405-04337-1692
4/6/2005,LIQUOR LAWS,"600 GLENDORA AVE, LA PUENTE, CA",105-05479-1433
4/6/2005,MISCELLANEOUS NON-CRIMINAL,"3200 CUDAHY ST, HUNTINGTON PARK, CA",405-05416-2178
4/6/2005,FRAUD AND NSF CHECKS,"8500 SUNSET BLVD, WEST HOLLYWOOD, CA",405-02371-0987
4/6/2005,GRAND THEFT AUTO,"1800 W 152ST, COMPTON, CA",005-05109-2832
4/6/2005,MISCELLANEOUS NON-CRIMINAL,,105-06593-0454
4/6/2005,LARCENY THEFT,"44300 8TH ST E, LANCASTER, CA  93535",405-06958-1133
4/6/2005,LARCENY THEFT,"15400 PARAMOUNT BLVD, PARAMOUNT, CA  90723",105-09264-1368
4/6/2005,BURGLARY,"700 DEEP VALLEY DR, ROLLING HILLS ESTATES, CA  90274",405-01263-1724
4/6/2005,VANDALISM,"1100 WHITEMARSH AVE, COMPTON, CA",405-05110-2811
4/6/2005,FELONIES MISCELLANEOUS,"4200 W ROSECRANS AVE, LAWNDALE, CA  90260",405-03327-0331
4/6/2005,JUVENILE NON-CRIMINAL,"3600 WINTER ST, EAST LOS ANGELES, CA  90063",105-03925-0273
4/6/2005,MISCELLANEOUS NON-CRIMINAL,"2600 E AVENUE I, LANCASTER, CA  93535",105-06959-1135
4/6/2005,FRAUD AND NSF CHECKS,"43400 10TH ST W, LANCASTER, CA",405-06960-1124
4/6/2005,GRAND THEFT AUTO,"FLORENCE AVE AND LA CIENEGA AVE, LOS ANGELES, CA",605-05111-2814
4/6/2005,VANDALISM,"200 N CENTRAL AVE, COMPTON, CA  90220",105-05112-2830
4/6/2005,MISCELLANEOUS NON-CRIMINAL,"9700 BEVERLY ST, BELLFLOWER, CA  90706",105-09266-1335
4/6/2005,PERSONS MISSING,"4700 OAK ST, PICO RIVERA, CA  90660",005-03139-1510
4/6/2005,MISCELLANEOUS NON-CRIMINAL,"1400 AVENIDA CESAR CHAVEZ, MONTEREY PARK, CA  91754",105-00421-8729
4/6/2005,GRAND THEFT AUTO,"120TH ST AND WESTERN AVE, LOS ANGELES, CA",605-03328-0377
4/6/2005,NARCOTICS,"AVENUE I AND 10TH ST W, LANCASTER, CA",405-06961-1121
4/6/2005,MISCELLANEOUS NON-CRIMINAL,"14200 VISIONS DR, LA MIRADA, CA",105-06594-0467
4/6/2005,FRAUD AND NSF CHECKS,"10500 ARTESIA BLVD, BELLFLOWER, CA",405-09267-1336
4/6/2005,MISCELLANEOUS NON-CRIMINAL,"11200 HAWTHORNE BLVD, HAWTHORNE, CA",105-02441-6059
4/6/2005,MISCELLANEOUS NON-CRIMINAL,"400 S WILLOWBROOK AVE, COMPTON, CA",105-05113-2835
4/6/2005,PERSONS MISSING,"9100 S LAS VEGAS, LOS ANGELES, CA",005-05050-0588
4/6/2005,AGGRAVATED ASSAULT,"500 BAUCHET ST, LOS ANGELES, CA  90012",005-00478-5100
4/6/2005,MISCELLANEOUS NON-CRIMINAL,"500 BAUCHET ST, LOS ANGELES, CA  90012",405-00556-5800
4/6/2005,FRAUD AND NSF CHECKS,", UNKNOWN, CA",405-04338-1615
4/6/2005,NARCOTICS,"LAKEWOOD BLVD AND SOMERSET BLVD, BELLFLOWER, CA  90706",405-09268-1332
4/6/2005,DRUNK DRIVING VEHICLE / BOAT,"LAKEWOOD BLVD AND N ARTESIA BLVD, BELLFLOWER, CA  90706",405-09269-1335
4/6/2005,JUVENILE NON-CRIMINAL,"500 E AVENUE Q-4, PALMDALE, CA",105-06101-2639
4/6/2005,ROBBERY,"HACIENDA BLVD AND LUJON AVE, HACIENDA HEIGHTS, CA",405-05481-1476
4/6/2005,MISCELLANEOUS NON-CRIMINAL,"ROXBURGH AVE AND BROOKPORT ST, COVINA, CA",105-01970-0865
4/6/2005,MISCELLANEOUS NON-CRIMINAL,"18700 LAXFORD RD, COVINA, CA",105-01971-0861
4/6/2005,MISCELLANEOUS NON-CRIMINAL,"29400 THE OLD ROAD, CASTAIC, CA  91384",105-00441-5640
4/6/2005,MISCELLANEOUS NON-CRIMINAL,"27100 SEA VISTA DR, MALIBU, CA  90265",105-01931-1012
4/6/2005,VEHICLE / BOATING LAWS,"CARSON ST AND GRACE AVE, CARSON, CA",105-04339-1618
4/6/2005,LARCENY THEFT,"14000 VALLEY VIEW AVE, LA MIRADA, CA  90638",105-06596-0472
4/6/2005,LARCENY THEFT,"9600 LAS TUNAS DR, TEMPLE CITY, CA  91780",505-05051-0521
4/6/2005,VEHICLE / BOATING LAWS,"2900 CUDAHY ST, HUNTINGTON PARK, CA",105-05418-2178
4/6/2005,MISCELLANEOUS NON-CRIMINAL,"1200 BUELAH AVE, EAST LOS ANGELES, CA",105-03926-0272
4/6/2005,NARCOTICS,"WHITTIER BLVD AND COLOMBIA ST, PICO RIVERA, CA  90660",405-03140-1510
4/6/2005,SUICIDE AND ATTEMPT,"17400 TEMPLE AVE, EAST VALINDA, CA",005-05482-1442
4/6/2005,MISCELLANEOUS NON-CRIMINAL,"29400 THE OLD ROAD, CASTAIC, CA  91384",405-00442-5640
4/6/2005,NARCOTICS,"45500 25TH ST E, LANCASTER, CA",105-00501-3600
4/6/2005,MISCELLANEOUS NON-CRIMINAL,"1500 RINGS AVE, WEST HOLLYWOOD, CA  90069",105-02372-0987
4/6/2005,MISCELLANEOUS NON-CRIMINAL,"1700 S OLEANDER AVE, COMPTON, CA  90220",405-05114-2836
4/6/2005,VANDALISM,"MEADOWRIDGE DR AND SAN FERNANDO RD, SANTA CLARITA, CA",105-05482-0628
4/6/2005,VEHICLE / BOATING LAWS,"ORANGE AVE AND TEMPLE AVE, LA PUENTE, CA",105-05483-1430
4/6/2005,SEX OFFENSES FELONIES,", LYNWOOD, CA  90262",005-05417-2115
4/6/2005,MISCELLANEOUS NON-CRIMINAL,,405-00005-2037
4/6/2005,MISCELLANEOUS NON-CRIMINAL,"5000 E CESAR CHAVEZ AVE, EAST LOS ANGELES, CA  90022",105-80205-0282
4/6/2005,MISCELLANEOUS NON-CRIMINAL,"ONE REGENT ST, INGLEWOOD, CA  90302",105-00217-4471
4/6/2005,MISCELLANEOUS NON-CRIMINAL,"500 CLELA AVE, EAST LOS ANGELES, CA  90022",105-80209-0285
4/6/2005,MISCELLANEOUS NON-CRIMINAL,"1400 MORROW PL, EAST LOS ANGELES, CA  90022",105-80208-0286
4/6/2005,NON-AGGRAVATED ASSAULTS,"500 BAUCHET, LOS ANGELES, CA  90012",005-00558-5800
4/6/2005,NON-AGGRAVATED ASSAULTS,"200 W COMMONWEALTH AVE, ALHAMBRA, CA  91801",105-00152-4134
4/6/2005,NON-AGGRAVATED ASSAULTS,"500 CIVIC CENTER PLZ, POMONA, CA  91766",105-00153-4132
4/6/2005,MISCELLANEOUS NON-CRIMINAL,"500 BAUCHET ST, LOS ANGELES, CA  90012",105-00559-5800
4/6/2005,MISCELLANEOUS NON-CRIMINAL,"500 BAUCHET ST, LOS ANGELES, CA  90012",005-00560-5800
4/6/2005,NON-AGGRAVATED ASSAULTS,"500 W OCEAN BLVD, LONG BEACH, CA  90802",105-00218-4491
4/7/2005,MISCELLANEOUS NON-CRIMINAL,"500 BAUCHET ST, LOS ANGELES, CA  90012",005-00561-5800
4/7/2005,MISCELLANEOUS NON-CRIMINAL,"9000 GARVEY AVE, ROSEMEAD, CA  91770",105-00448-3410
4/7/2005,VANDALISM,"6TH ST AND FRASER AVE, EAST LOS ANGELES, CA  90022",105-80215-0285
4/7/2005,NON-AGGRAVATED ASSAULTS,"4010 E RAMBOZ AND KENNEDY ELEMENTARY SCHOOL, EAST LOS ANGELES, CA  90063",105-80214-0272
4/7/2005,ACCIDENTS MISCELLANEOUS,"300 W TEMPLE ST, LOS ANGELES, CA",405-00151-4016
4/7/2005,MISCELLANEOUS NON-CRIMINAL,"1800 MAIN ST, SANTA MONICA, CA  90401",105-00219-4480
4/7/2005,MISCELLANEOUS NON-CRIMINAL,"500 BAUCHET ST, LOS ANGELES, CA  90012",405-00629-5120
4/7/2005,MISCELLANEOUS NON-CRIMINAL,"HACIENDA BLVD AND GALE AVE, INDUSTRY, CA",405-00452-3400
4/7/2005,MISCELLANEOUS NON-CRIMINAL,,505-00152-4016
4/7/2005,BURGLARY,"22200 S FIGUEROA ST, CARSON, CA",505-04412-1617
4/7/2005,VANDALISM,"21900 BONITA ST, CARSON, CA  90745",405-04413-1628
4/7/2005,VANDALISM,"21900 BONITA ST, CARSON, CA  90745",105-04414-1628
4/7/2005,VANDALISM,"21900 BONITA ST, CARSON, CA  90745",105-04415-1628
4/7/2005,VANDALISM,"21900 BONITA ST, CARSON, CA  90745",405-04416-1628
4/7/2005,VANDALISM,"21900 BONITA ST, CARSON, CA  90745",105-04417-1628
4/7/2005,BURGLARY,"22400 S MAIN ST, CARSON, CA",405-04422-1624
4/7/2005,LARCENY THEFT,"22400 S MAIN ST, CARSON, CA",505-04423-1624
4/7/2005,NARCOTICS,"12100 S WILMINGTON AVE, LOS ANGELES, CA  90059",405-80868-2133
4/7/2005,VEHICLE / BOATING LAWS,"WILMINGTON AVE AND 118TH ST, WILLOWBROOK, CA  90059",105-80862-2133
4/7/2005,MISCELLANEOUS NON-CRIMINAL,"11800 S ALAMEDA ST, LYNWOOD, CA  90262",105-00014-5700
4/7/2005,MISCELLANEOUS NON-CRIMINAL,"500 BAUCHET ST, LOS ANGELES, CA  90012",105-00563-5800
4/8/2005,MISCELLANEOUS NON-CRIMINAL,"500 BAUCHET ST, LOS ANGELES, CA  90012",105-00564-5800
4/8/2005,WARRANTS,", DOWNEY, CA",405-00636-5120
4/8/2005,MISCELLANEOUS NON-CRIMINAL,"1100 W CARSON ST, TORRANCE, CA",105-04467-1695
4/8/2005,MISCELLANEOUS NON-CRIMINAL,"7300 SEVILLE AVE, HUNTINGTON PARK, CA  90255",105-80830-2178
4/8/2005,MISCELLANEOUS NON-CRIMINAL,"2000 S HILL ST, LOS ANGELES, CA",105-00157-4013
4/8/2005,MISCELLANEOUS NON-CRIMINAL,"COMPTON AND GAGE, FLORENCE, CA  90001",105-80861-2170
4/8/2005,MISCELLANEOUS NON-CRIMINAL,"130TH ST AND WILMINGTON AVE, COMPTON, CA",105-80825-2137
4/8/2005,MISCELLANEOUS NON-CRIMINAL,"4400 SANTO TOMAS DR, LOS ANGELES, CA  90008",105-80827-2116
4/8/2005,MISCELLANEOUS NON-CRIMINAL,"3000 BEECHWOOD AVE, LYNWOOD, CA",105-80828-2112
4/8/2005,MISCELLANEOUS NON-CRIMINAL,"9500 KALMIA ST, LOS ANGELES, CA  90002",105-80829-2177
4/8/2005,MISCELLANEOUS NON-CRIMINAL,"120TH ST AND WILMINGTON AVE, LOS ANGELES, CA",105-80678-2133
4/8/2005,VEHICLE / BOATING LAWS,"120TH ST AND WILMINGTON, COMPTON, CA",105-80823-2133
4/8/2005,VEHICLE / BOATING LAWS,"1200 WILMINGTON AVE, LOS ANGELES, CA",105-80821-2133
4/6/2005,PERSONS MISSING,"28800 RAINTREE LN, SANTA CLARITA, CA  91350",005-05483-0642
4/6/2005,LARCENY THEFT,"3900 W AVENUE K4, LANCASTER, CA  93536",405-06962-1192
4/6/2005,PERSONS MISSING,"4900 N VINCENT AVE, COVINA, CA  91722",005-01972-0866
4/6/2005,JUVENILE NON-CRIMINAL,"37700 DIXIE DR, PALMDALE, CA",105-06102-2611
4/6/2005,VANDALISM,"12000 KENNY ST, NORWALK, CA  90650",105-06597-0452
4/6/2005,VEHICLE / BOATING LAWS,"17900 GALE AVE, INDUSTRY, CA",105-05484-1418
4/6/2005,MISCELLANEOUS NON-CRIMINAL,"2200 S ATLANTIC BLVD, COMMERCE, CA  90040",105-03927-0243
4/6/2005,MISCELLANEOUS NON-CRIMINAL,"6300 PICO VISTA RD, PICO RIVERA, CA  90660",105-03141-1515
4/6/2005,VEHICLE / BOATING LAWS,"OCEAN VIEW BLVD AND COLMENA ST, LA CANADA, CA",105-00712-1260
4/6/2005,MISCELLANEOUS NON-CRIMINAL,"27900 DICKASON DR, VALENCIA, CA  91355",105-05484-0607
4/6/2005,LARCENY THEFT,"14300 FIRESTONE BLVD, LA MIRADA, CA  90638",405-06598-0466
4/6/2005,SEX OFFENSES MISDEMEANORS,"17TH ST E AND SIERRA VIEW AVE, LANCASTER, CA  93535",105-06963-1135
4/6/2005,BURGLARY,"2700 RUDY ST, ROWLAND HEIGHTS, CA  91748",405-02682-2937
4/6/2005,MISCELLANEOUS NON-CRIMINAL,"700 E AVENUE H14, LANCASTER, CA  93535",105-06964-1131
4/6/2005,NON-AGGRAVATED ASSAULTS,"40800 RANCHO VISTA BLVD, PALMDALE, CA",505-06103-2617
4/6/2005,MISCELLANEOUS NON-CRIMINAL,"2500 E ADANA ST, COMPTON, CA",105-05115-2847
4/6/2005,NARCOTICS,"NEWMONT AVE AND 172ND ST E, LAKE LOS ANGELES, CA  93591",405-06965-1197
4/6/2005,LARCENY THEFT,"1200 E ARTESIA BLVD, COMPTON, CA",505-05116-2845
4/6/2005,JUVENILE NON-CRIMINAL,"39000 NEWPORT RD, PALMDALE, CA",105-06104-2612
4/6/2005,FRAUD AND NSF CHECKS,"18300 SIERRA HWY, CANYON COUNTRY, CA",405-05485-0631
4/6/2005,VANDALISM,"3000 COMMUNITY AVE, LA CRESCENTA, CA",105-00713-1280
4/6/2005,MISCELLANEOUS NON-CRIMINAL,"500 BAUCHET ST, LOS ANGELES, CA  90012",005-00557-5800
4/6/2005,ACCIDENTS TRAFFIC/VEH./BOAT,"TELEGRAPH RD AND E GARFIELD AVE, COMMERCE, CA  90040",105-03928-0245
4/6/2005,ACCIDENTS TRAFFIC/VEH./BOAT,"CARMENITA RD AND 183RD ST, CERRITOS, CA  90703",105-01742-2316
4/6/2005,MISCELLANEOUS NON-CRIMINAL,"130TH AND WILLOWBROOK, LOS ANGELES, CA",105-02442-6014
4/6/2005,FRAUD AND NSF CHECKS,"1300 HAVENHURST DR, WEST HOLLYWOOD, CA  90046",405-02373-0975
4/6/2005,BURGLARY,"8500 2ND ST, PARAMOUNT, CA  90723",405-09270-1365
4/6/2005,LARCENY THEFT,"400 HACIENDA BLVD, INDUSTRY, CA",405-05485-1414
4/6/2005,FELONIES MISCELLANEOUS,"200 3/4 N SPRING ST, COMPTON, CA  90221",405-05117-2824
4/6/2005,LARCENY THEFT,"6500 ALONDRA BLVD, PARAMOUNT, CA  90723",105-09271-1366
4/6/2005,DISORDERLY CONDUCT,"4400 EL PRIETO RD, ALTADENA, CA",105-01063-0771
4/6/2005,FELONIES MISCELLANEOUS,"6300 TELEGRAPH RD, COMMERCE, CA  90040",405-03929-0244
4/6/2005,PERSONS MISSING,"9700 DICKY ST, PICO RIVERA, CA  90660",005-03142-1515
4/6/2005,VANDALISM,"45400 KINGTREE AVE, LANCASTER, CA",105-06966-1121
4/6/2005,BURGLARY,"2400 PEPPERDALE DR, ROWLAND HEIGHTS, CA",405-02683-2935
4/6/2005,MISCELLANEOUS NON-CRIMINAL,"21900 CLARKDALE AVE, HAWAIIAN GARDENS, CA  90716",105-09272-1351
4/6/2005,MISCELLANEOUS NON-CRIMINAL,"15500 LARCH AVE, LAWNDALE, CA  90260",105-03330-0331
4/6/2005,GRAND THEFT AUTO,"3300 DEL MAR AVE, ROSEMEAD, CA",605-05052-0532
4/6/2005,NON-AGGRAVATED ASSAULTS,"28500 AVENUE STANFORD, SAUGUS, CA  91350",105-05486-0645
4/6/2005,FORGERY,"17600 S CENTRAL AVE, CARSON, CA",405-04340-1611
4/6/2005,JUVENILE NON-CRIMINAL,"5500 N LEAF ST, AZUSA, CA  91702",105-01973-0867
4/6/2005,MISCELLANEOUS NON-CRIMINAL,"WILMINGTON BLVD AND COMPTON BLVD, COMPTON, CA",105-05118-2814
4/6/2005,MISCELLANEOUS NON-CRIMINAL,"5100 KANAN RD, AGOURA, CA",105-01932-2224
4/6/2005,MISCELLANEOUS NON-CRIMINAL,"13600 ROSECRANS, NORWALK, CA",105-06599-0454
4/6/2005,MISDEMEANORS MISCELLANEOUS,"1300 W 64TH ST, LOS ANGELES, CA  90044",105-05419-2170
4/6/2005,LARCENY THEFT,"9900 WALNUT ST, BELLFLOWER, CA  90706",405-09273-1334
4/6/2005,NARCOTICS,"100 WORLD WAY, LOS ANGELES, CA",405-00446-3415
4/6/2005,MISCELLANEOUS NON-CRIMINAL,"SANTA MONICA AND FAIRFAX, WEST HOLLYWOOD, CA",105-02374-0975
4/6/2005,FRAUD AND NSF CHECKS,"11500 MILOANN ST, ARCADIA, CA  91006",405-05053-0585
4/6/2005,MISCELLANEOUS NON-CRIMINAL,"43900 20TH ST E, LANCASTER, CA  93535",105-06967-1137
4/6/2005,BURGLARY,"4100 W AVENUE L, LANCASTER, CA  93536",405-06968-1139
4/6/2005,FRAUD AND NSF CHECKS,"30400 RIDGEWAY CT, CASTAIC, CA  91384",405-05487-0675
4/6/2005,LARCENY THEFT,"5000 GREGG RD, PICO RIVERA, CA  90660",105-03143-1512
4/6/2005,MISCELLANEOUS NON-CRIMINAL,"96TH PL AND ALAMEDA ST, LOS ANGELES, CA",105-05420-2177
4/6/2005,MISCELLANEOUS NON-CRIMINAL,"5TH ST E AND AVENUE S, PALMDALE, CA",105-06105-2611
4/6/2005,ACCIDENTS TRAFFIC/VEH./BOAT,"STIMSON AVE AND VALLEY BLVD, INDUSTRY, CA",105-05486-1415
4/6/2005,LARCENY THEFT,"800 PINEFALLS, DIAMOND BAR, CA  91789",405-02684-2928
4/6/2005,NARCOTICS,"1100 W CARSON ST, TORRANCE, CA",405-04341-1695
4/6/2005,MISCELLANEOUS NON-CRIMINAL,"1100 KELLWILL WAY, DUARTE, CA  91010",105-05054-0541
4/6/2005,MISCELLANEOUS NON-CRIMINAL,"700 W HARRIET ST, ALTADENA, CA",105-01064-0773
4/6/2005,LARCENY THEFT,"4300 WOODLEIGH LN, LA CANADA, CA",505-00714-1262
4/6/2005,MISCELLANEOUS NON-CRIMINAL,"2500 BLK SAN GABRIEL BLVD, ROSEMEAD, CA",105-05055-0532
4/6/2005,FRAUD AND NSF CHECKS,"700 SEDALIA AVE, LA VERNE, CA",405-01974-0875
4/6/2005,FRAUD AND NSF CHECKS,"2200 E AVENUE Q-2, PALMDALE, CA",405-06106-2608
4/6/2005,NON-AGGRAVATED ASSAULTS,"2900 CHUCKWAGON RD, PALMDALE, CA",505-06107-2603
4/6/2005,MISCELLANEOUS NON-CRIMINAL,"MARIANN AVE AND OLYMPIC BLVD, LOS ANGELES, CA",105-03930-0278
4/6/2005,BURGLARY,"44600 15TH ST W, LANCASTER, CA",405-06969-1125
4/6/2005,ACCIDENTS TRAFFIC/VEH./BOAT,"REEVES AVE AND DEL AMO BLVD, CARSON, CA",105-04342-1621
4/6/2005,BURGLARY,"45200 DATE AVE, LANCASTER, CA  93534",405-06970-1122
4/6/2005,VEHICLE / BOATING LAWS,"E TORRANCE BLVD AND W MAIN ST, CARSON, CA",105-04343-1617
4/6/2005,LARCENY THEFT,"14700 INDUSTRY CIR, LA MIRADA, CA",105-06601-0466
4/6/2005,NARCOTICS,"500 W WASHINGTON BLVD, LOS ANGELES, CA  90015",405-00422-8731
4/6/2005,BURGLARY,"700 W PALM ST, COMPTON, CA  90220",405-05119-2835
4/6/2005,FELONIES MISCELLANEOUS,"1400 DOHENY PL, LOS ANGELES, CA  90069",405-00447-3420
4/6/2005,NARCOTICS,"WASHINGTON BLVD AND PASSONS AVE, PICO RIVERA, CA",405-03144-1517
4/6/2005,MISCELLANEOUS NON-CRIMINAL,"16400 WEDGEWORTH DR, HACIENDA HEIGHTS, CA",105-05487-1473
4/6/2005,MISCELLANEOUS NON-CRIMINAL,"4900 DURFEE AVE, PICO RIVERA, CA",105-03145-1511
4/6/2005,NARCOTICS,"TELEGRAPH RD AND CERES AVE, WHITTIER, CA",405-06602-0492
4/6/2005,ACCIDENTS TRAFFIC/VEH./BOAT,"800 S LONE HILL AVE, SAN DIMAS, CA  91773",105-01975-0814
4/6/2005,NON-AGGRAVATED ASSAULTS,"27600 SIERRA HWY, SANTA CLARITA, CA  91355",505-05488-0631
4/6/2005,FRAUD AND NSF CHECKS,,405-04344-1624
4/6/2005,AGGRAVATED ASSAULT,"441 BAUCHET ST AND B-6, LOS ANGELES, CA  90012",505-00479-5100
4/6/2005,FRAUD AND NSF CHECKS,"14000 AVENIDA ESPIANA, LA MIRADA, CA",405-06603-0467
4/6/2005,LARCENY THEFT,"16900 MARQUARDT AVE, CERRITOS, CA  90703",405-01743-2319
4/6/2005,JUVENILE NON-CRIMINAL,"37000 33RD ST E, PALMDALE, CA",105-06108-2608
4/6/2005,JUVENILE NON-CRIMINAL,"14200 LEFFINGWELL RD, WHITTIER, CA  90604",105-06604-0494
4/6/2005,FORGERY,"3900 E WHITTIER BLVD, EAST LOS ANGELES, CA  90023",505-03932-0278
4/6/2005,LARCENY THEFT,"1100 E AVENUE J3, LANCASTER, CA",405-06971-1137
4/6/2005,DRUNK DRIVING VEHICLE / BOAT,"JERSEY AVE AND SIBLEY, NORWALK, CA",105-06605-0455
4/6/2005,SEX OFFENSES FELONIES,"1100 E PALMDALE BLVD, PALMDALE, CA",405-06109-2610
4/6/2005,AGGRAVATED ASSAULT,"12700 213TH ST, LAKEWOOD, CA  90715",505-09274-1328
4/6/2005,NON-AGGRAVATED ASSAULTS,"8500 SUNSET BLVD, WEST HOLLYWOOD, CA",105-02375-0987
4/6/2005,VANDALISM,"25800 PLAYER DR, SANTA CLARITA, CA  91355",405-05489-0623
4/6/2005,LARCENY THEFT,"5900 FULTON AVE, VALLEY GLEN, CA  91401",505-00423-8742
4/6/2005,MISCELLANEOUS NON-CRIMINAL,"14100 LANNING DR, WHITTIER, CA",105-06606-0491
4/6/2005,MISCELLANEOUS NON-CRIMINAL,"6200 E OLYMPIC BLVD, EAST LOS ANGELES, CA",105-03933-0287
4/6/2005,MISCELLANEOUS NON-CRIMINAL,"900 E PINE, COMPTON, CA  90220",105-05120-2833
4/6/2005,MISCELLANEOUS NON-CRIMINAL,"500 W LAUREL, COMPTON, CA  90220",105-05121-2835
4/6/2005,LARCENY THEFT,"38500 5TH ST W, PALMDALE, CA",405-06110-2611
4/6/2005,MISCELLANEOUS NON-CRIMINAL,"43800 CHALLENGER WAY, LANCASTER, CA",105-06972-1133
4/6/2005,MISCELLANEOUS NON-CRIMINAL,"IMPRIAL AND STUDEBAKER, NORWALK, CA",105-06607-0451
4/6/2005,NARCOTICS,"800 E ALTADENA DR, ALTADENA, CA",405-01065-0773
4/6/2005,FRAUD AND NSF CHECKS,"1500 PASCO MANZANI, SAN DIMAS, CA  91773",405-01976-0817
4/6/2005,MISCELLANEOUS NON-CRIMINAL,"29400 THE OLD ROAD, CASTAIC, CA  91384",105-00141-5620
4/6/2005,GRAND THEFT AUTO,"10300 FOSTER RD, BELLFLOWER, CA  90706",605-09275-1331
4/6/2005,BURGLARY,"2600 DUBONNET AVE, ROSEMEAD, CA  91770",405-05056-0534
4/6/2005,LARCENY THEFT,"45200 DATE AVE, LANCASTER, CA  93534",105-06973-1122
4/6/2005,LARCENY THEFT,"17200 GALE AVE, INDUSTRY, CA",105-05488-1415
4/6/2005,SEX OFFENSES MISDEMEANORS,"LAS LOMAS RD AND HUNTINGTON DR, DUARTE, CA",105-05057-0543
4/6/2005,VEHICLE / BOATING LAWS,"DON JULIAN RD AND BASETDALE AVE, BASSETT, CA",105-05489-1461
4/6/2005,NON-AGGRAVATED ASSAULTS,"8000 SANTA MONICA BLVD, WEST HOLLYWOOD, CA  90069",405-02376-0975
4/6/2005,MISCELLANEOUS NON-CRIMINAL,"8500 TELFAIR AVE, SUN VALLEY, CA",605-00614-3804
4/6/2005,MISCELLANEOUS NON-CRIMINAL,"11600 S COLIMA RD, WHITTIER, CA",405-00050-2008
4/6/2005,MISCELLANEOUS NON-CRIMINAL,"1600 CENTRAL AVE, DUARTE, CA  91010",105-05058-0541
4/6/2005,MISCELLANEOUS NON-CRIMINAL,"170TH ST E AND E AVENUE P8, LANCASTER, CA  93535",105-06974-1197
4/6/2005,MISCELLANEOUS NON-CRIMINAL,"11900 160TH ST, NORWALK, CA",105-06608-0458
4/6/2005,MISCELLANEOUS NON-CRIMINAL,"AVALON BLVD AND WALNUT ST, CARSON, CA",105-04345-1611
4/6/2005,MISCELLANEOUS NON-CRIMINAL,"18600 GRIDLEY RD, ARTESIA, CA  90701",105-09276-1349
4/6/2005,MISCELLANEOUS NON-CRIMINAL,"500 BAUCHET ST, LOS ANGELES, CA  90012",105-00622-5120
4/6/2005,JUVENILE NON-CRIMINAL,"5100 NOBEL ST, COMMERCE, CA  90040",105-03934-0243
4/6/2005,JUVENILE NON-CRIMINAL,"13600 LAKELAND RD, WHITTIER, CA",105-06609-0495
4/6/2005,MISCELLANEOUS NON-CRIMINAL,"1400 E AVENUE J3, LANCASTER, CA  93535",105-06975-1126
4/6/2005,NARCOTICS,"1800 W 66TH ST, LOS ANGELES, CA  90047",405-05421-2171
4/6/2005,MISCELLANEOUS NON-CRIMINAL,"4900 BLK ROSECRANS AVE, EAST RANCHO DOMINGUEZ, CA  90221",405-05122-2851
4/6/2005,NARCOTICS,"8500 FERN AVE, ROSEMEAD, CA  91770",405-05059-0533
4/6/2005,ACCIDENTS TRAFFIC/VEH./BOAT,"500 BAUCHET ST, LOS ANGELES, CA  90012",105-00081-4300
4/6/2005,LARCENY THEFT,"1700 N ROSEMEAD BLVD, SOUTH EL MONTE, CA  91733",505-05060-0575
4/6/2005,LARCENY THEFT,"18800 S MILMORE AVE, CARSON, CA  90746",105-04346-1611
4/6/2005,MISCELLANEOUS NON-CRIMINAL,"9500 ROSE ST, BELLFLOWER, CA  90706",105-09277-1335
4/6/2005,DISORDERLY CONDUCT,"27400 FAHREN CT, CANYON COUNTRY, CA",105-05492-0650
4/6/2005,MISCELLANEOUS NON-CRIMINAL,"14500 LONESS AVE, COMPTON, CA",105-05123-2873
4/6/2005,MISCELLANEOUS NON-CRIMINAL,"14300 LEFFINGWELL RD, WHITTIER, CA",105-06610-0495
4/6/2005,LARCENY THEFT,"900 W ARROW HWY, SAN DIMAS, CA",405-01978-0814
4/6/2005,ACCIDENTS TRAFFIC/VEH./BOAT,"PALMDALE BLVD AND SIERRA HWY, PALMDALE, CA",105-06112-2610
4/6/2005,NARCOTICS,"W AVENUE J10 AND HEATON AVE, LANCASTER, CA  93534",405-06976-1123
4/6/2005,WEAPON LAWS,"37300 37TH ST E, PALMDALE, CA  93550",405-06113-2608
4/6/2005,MISCELLANEOUS NON-CRIMINAL,"800 E AVENUE K6, LANCASTER, CA  93535",505-06977-1134
4/6/2005,MISCELLANEOUS NON-CRIMINAL,"6200 ALLSTON ST, EAST LOS ANGELES, CA",105-03935-0287
4/6/2005,MISCELLANEOUS NON-CRIMINAL,"500 BAUCHET ST, LOS ANGELES, CA  90012",105-00623-5120
4/6/2005,FORGERY,"11400 LONG BEACH BLVD, LYNWOOD, CA  90262",405-05422-2112
4/6/2005,MISCELLANEOUS NON-CRIMINAL,"8500 SUNSET BLVD, WEST HOLLYWOOD, CA  90069",505-02377-0987
4/6/2005,ACCIDENTS TRAFFIC/VEH./BOAT,"ANZA DR AND AVENUE SCOTT, SANTA CLARITA, CA",105-05493-0645
4/6/2005,FORGERY,"8700 EDMOND DR, ROSEMEAD, CA  91770",405-05061-0530
4/6/2005,MISCELLANEOUS NON-CRIMINAL,"5200 E OLYMPIC BLVD, EAST LOS ANGELES, CA  90022",105-03936-0286
4/6/2005,MISCELLANEOUS NON-CRIMINAL,"24100 CREEKSIDE RD, VALENCIA, CA",105-05494-0644
4/6/2005,VEHICLE / BOATING LAWS,"8500 FERN AVE, ROSEMEAD, CA  91770",105-05062-0533
4/6/2005,VANDALISM,"300 S PLATINA DR, DIAMOND BAR, CA",105-02685-2923
4/6/2005,VEHICLE / BOATING LAWS,"HOOPER AVE AND 67TH ST, LOS ANGELES, CA",405-05423-2170
4/6/2005,FRAUD AND NSF CHECKS,"4200 1/2 CESAR CHAVEZ AVE, EAST LOS ANGELES, CA  90063",405-03937-0280
4/6/2005,MISCELLANEOUS NON-CRIMINAL,"1100 W 105TH ST, LOS ANGELES, CA",105-03332-0375
4/6/2005,MISCELLANEOUS NON-CRIMINAL,"SS1000 94TH ST, LOS ANGELES, CA",105-03333-0370
4/6/2005,MISCELLANEOUS NON-CRIMINAL,"1400 105TH ST, LOS ANGELES, CA",105-03334-0375
4/6/2005,LARCENY THEFT,"1300 BOYDEN ST, LANCASTER, CA  93534",405-06978-1121
4/6/2005,BURGLARY,"300 PIERRE RD, WALNUT, CA",405-02686-2914
4/6/2005,MISCELLANEOUS NON-CRIMINAL,"1100 W 105TH ST, LOS ANGELES, CA",105-03335-0375
4/6/2005,MISCELLANEOUS NON-CRIMINAL,"9400 CEDAR ST, BELLFLOWER, CA  90706",105-09279-1335
4/6/2005,FELONIES MISCELLANEOUS,"500 N CENTRAL AVE, COMPTON, CA",405-05124-2811
4/6/2005,NON-AGGRAVATED ASSAULTS,"39200 10TH ST E, PALMDALE, CA  93550",105-06114-2637
4/6/2005,MISCELLANEOUS NON-CRIMINAL,"1114 AND 105TH ST, LOS ANGELES, CA",105-03336-0375
4/6/2005,ACCIDENTS TRAFFIC/VEH./BOAT,"BANNING BLVD AND PACIFIC AVE, CARSON, CA",105-04347-1625
4/6/2005,JUVENILE NON-CRIMINAL,"10900 BENAVON ST, UNKNOWN, CA",105-03146-1578
4/6/2005,ACCIDENTS TRAFFIC/VEH./BOAT,"WHITES CANYON RD AND DELIGHT ST, SANTA CLARITA, CA",105-05495-0611
4/6/2005,NON-AGGRAVATED ASSAULTS,"SPRING ST AND 1ST ST, LOS ANGELES, CA",405-02444-6891
4/6/2005,MISCELLANEOUS NON-CRIMINAL,,105-01933-1014
4/6/2005,LARCENY THEFT,"25500 THE OLD ROAD RD, STEVENSON RANCH, CA  91381",105-05496-0664
4/6/2005,JUVENILE NON-CRIMINAL,"9400 GREENWELL ST, BELLFLOWER, CA  90706",105-09280-1366
4/6/2005,MISCELLANEOUS NON-CRIMINAL,"1000 FRASER AVE, EAST LOS ANGELES, CA  90022",105-03938-0284
4/6/2005,MISCELLANEOUS NON-CRIMINAL,"500 BANNING ST, COMPTON, CA",105-05125-2820
4/6/2005,VEHICLE / BOATING LAWS,"HWY 39 AND MM 22.27, SAN GABRIEL, CA",105-01979-0880
4/6/2005,MISCELLANEOUS NON-CRIMINAL,"SAND CANYON RD, SANTA CLARITA, CA",605-05497-0651
4/6/2005,ACCIDENTS TRAFFIC/VEH./BOAT,"AMELIA AVE AND ALLEN AVE, SAN DIMAS, CA",105-01980-0812
4/6/2005,MISCELLANEOUS NON-CRIMINAL,"7400 CENTURY BLVD, PARAMOUNT, CA  90723",105-09281-1361
4/6/2005,MISCELLANEOUS NON-CRIMINAL,"ALONDRA AND STUDEBAKER, CERRITOS, CA",105-01744-2310
4/6/2005,GRAND THEFT AUTO,"229TH ST AND CATSKILL AVE, CARSON, CA",605-04348-1624
4/6/2005,ACCIDENTS TRAFFIC/VEH./BOAT,"PARKWAY CALABASAS AND PARK ENTRADA, CALABASAS, CA  91302",105-01934-2248
4/6/2005,VANDALISM,"1000 S FRASER [BLOCK] AVE, EAST LOS ANGELES, CA  90022",105-03939-0284
4/6/2005,LARCENY THEFT,"25900 THE OLD ROAD RD, STEVENSON RANCH, CA  91381",105-05498-0664
4/6/2005,MISCELLANEOUS NON-CRIMINAL,"MC BEAN PKWY AND STEVENSON RANCH PKWY, SANTA CLARITA, CA",105-05499-0661
4/6/2005,MISCELLANEOUS NON-CRIMINAL,"139TH ST AND STANFORD ST, LOS ANGELES, CA",105-05424-2142
4/6/2005,PERSONS MISSING,"10700 LEFFINGWELL RD, NORWALK, CA  90650",005-06611-0453
4/6/2005,MISCELLANEOUS NON-CRIMINAL,"21300 MARTIN ST, CARSON, CA",105-04349-1620
4/6/2005,MISCELLANEOUS NON-CRIMINAL,"24400 RAILROAD AVE, SANTA CLARITA, CA  91321",105-05500-0627
4/6/2005,LARCENY THEFT,"37100 47TH ST E, PALMDALE, CA",105-06115-2607
4/6/2005,NON-AGGRAVATED ASSAULTS,"LAKEWOOD BLVD AND MICHELSON ST, LAKEWOOD, CA  90712",105-09282-1321
4/6/2005,MISCELLANEOUS NON-CRIMINAL,"5600 E POMONA BLVD, EAST LOS ANGELES, CA",405-03940-0285
4/6/2005,VEHICLE / BOATING LAWS,"ATLANTIC AND ALONDRA, COMPTON, CA",105-05126-2847
4/6/2005,VEHICLE / BOATING LAWS,,105-05501-0644
4/6/2005,NARCOTICS,"6TH ST AND WOODS AVE, EAST LOS ANGELES, CA  90022",405-80212-0285
4/6/2005,AGGRAVATED ASSAULT,"13200 BROADWAY ST, LOS ANGELES, CA",405-05425-2141
4/6/2005,VEHICLE / BOATING LAWS,"228TH ST AND MONETA AVE, CARSON, CA",105-04350-1623
4/6/2005,SEX OFFENSES MISDEMEANORS,"11800 208TH ST, LAKEWOOD, CA  90712",005-09283-1327
4/6/2005,VANDALISM,"14600 WOODRUFF AVE, BELLFLOWER, CA  90706",405-09284-1333
4/6/2005,MISCELLANEOUS NON-CRIMINAL,"29400 THE OLD ROAD, CASTAIC, CA  91384",105-00443-5640
4/6/2005,AGGRAVATED ASSAULT,"15400 VERDURA AVE, PARAMOUNT, CA  90723",505-09285-1369
4/6/2005,LARCENY THEFT,"7600 DUCHESS DR, WHITTIER, CA  90606",405-03147-1576
4/6/2005,MISCELLANEOUS NON-CRIMINAL,"2000 1 2 ACACIA AVE, COMPTON, CA",105-02445-6012
4/6/2005,VEHICLE / BOATING LAWS,,105-09286-1369
4/6/2005,ROBBERY,"ALAMEDA ST AND 1ST, LOS ANGELES, CA",405-02446-6891
4/6/2005,MISCELLANEOUS NON-CRIMINAL,"7600 GARVALIA AVE, ROSEMEAD, CA",105-05063-0532
4/6/2005,MISCELLANEOUS NON-CRIMINAL,"500 BAUCHET ST, LOS ANGELES, CA  90012",005-00480-5100
4/6/2005,LARCENY THEFT,"30900 AGOURA RD, AGOURA HILLS, CA  91301",405-01935-2224
4/6/2005,GRAND THEFT AUTO,"24600 CALABASAS RD, CALABASAS, CA  91302",605-01936-2245
4/6/2005,MISCELLANEOUS NON-CRIMINAL,"1200 94TH ST, LOS ANGELES, CA",105-03337-0370
4/6/2005,MISCELLANEOUS NON-CRIMINAL,"18600 COLIMA RD, ROWLAND HEIGHTS, CA",105-02688-2931
4/6/2005,DISORDERLY CONDUCT,"19800 TILLMAN AVE, CARSON, CA  90746",105-04351-1615
4/6/2005,MISCELLANEOUS NON-CRIMINAL,"ROSEMEAD BLVD AND PENTLAND ST, TEMPLE CITY, CA",105-05064-0522
4/6/2005,MISCELLANEOUS NON-CRIMINAL,"138TH ST AND STANFORD, ATHENS, CA  90059",105-05426-2142
4/6/2005,ROBBERY,"200 SANDALWOOD AVE, EAST VALINDA, CA",405-05490-1442
4/6/2005,BURGLARY,"4400 BELAIR DR, LA CANADA, CA  91011",405-00715-1262
4/6/2005,GRAND THEFT AUTO,"24100 S VERMONT AVE, CARSON, CA",605-04352-1698
4/6/2005,LARCENY THEFT,"5600 E PEARBLOSSOM HWY, PALMDALE, CA",405-06116-2603
4/6/2005,MISCELLANEOUS NON-CRIMINAL,"4700 VIA MARINA, MARINA DEL REY, CA",105-00812-2760
4/6/2005,MISCELLANEOUS NON-CRIMINAL,"9400 MARYKNOLL AVE, WHITTIER, CA",105-06612-0491
4/6/2005,LARCENY THEFT,"500 E PALMDALE BLVD, PALMDALE, CA",405-06117-2611
4/6/2005,ACCIDENTS TRAFFIC/VEH./BOAT,"17900 COLIMA RD, INDUSTRY, CA",105-05491-1416
4/6/2005,BURGLARY,"1200 CHISOLM TRAIL DR, DIAMOND BAR, CA  91765",505-02689-2922
4/6/2005,NARCOTICS,"9000 VERMONT AVE, LOS ANGELES, CA",405-03338-0370
4/6/2005,FELONIES MISCELLANEOUS,"5500 BLK HEATHDALE AVE, AZUSA, CA  91702",405-01981-0868
4/6/2005,ACCIDENTS TRAFFIC/VEH./BOAT,"AVENUE S AND 45TH ST E, PALMDALE, CA",105-06118-2607
4/6/2005,GRAND THEFT AUTO,"WEAVER AVE AND SANTA ANITA AVE, SOUTH EL MONTE, CA",605-05065-0560
4/6/2005,MISCELLANEOUS NON-CRIMINAL,"43900 20TH ST E, LANCASTER, CA",105-06979-1137
4/6/2005,MISCELLANEOUS NON-CRIMINAL,"400 W AVENUE J8, LANCASTER, CA  93534",105-06980-1123
4/6/2005,MISCELLANEOUS NON-CRIMINAL,"11000 LORRAIN AVE, LYNWOOD, CA",105-05427-2111
4/6/2005,LARCENY THEFT,"14100 PALAWAN WAY, MARINA DEL REY, CA  90292",405-00813-2760
4/6/2005,AGGRAVATED ASSAULT,"DEL AMO BLVD AND WOODRUFF AVE, LAKEWOOD, CA  90712",405-09287-1324
4/6/2005,NARCOTICS,"43600 17TH ST W, LANCASTER, CA  93534",405-06981-1126
4/6/2005,ACCIDENTS TRAFFIC/VEH./BOAT,"AZUSA AVE AND INDUSTRY HILLS PKWY, INDUSTRY, CA",105-05492-1417
4/6/2005,VEHICLE / BOATING LAWS,"12800 STUDEBAKER RD, NORWALK, CA",105-06613-0453
4/6/2005,MISCELLANEOUS NON-CRIMINAL,"800 GLENDORA AVE, LA PUENTE, CA",505-05493-1434
4/6/2005,DISORDERLY CONDUCT,"13400 ARTESIA BLVD, CERRITOS, CA  90703",105-01745-2318
4/6/2005,GRAND THEFT AUTO,"8400 PEARBLOSSOM HWY, LITTLEROCK, CA",405-06119-2665
4/6/2005,ACCIDENTS TRAFFIC/VEH./BOAT,"FLALLON AVE AND HOBACK ST, NORWALK, CA",105-06614-0453
4/6/2005,MISCELLANEOUS NON-CRIMINAL,"KXCOLSER DR, NORWALK, CA",105-06615-0456
4/6/2005,ROBBERY,"9000 SHENANDOAH AVE, PICO RIVERA, CA",605-03148-1513
4/6/2005,NARCOTICS,"29400 THE OLD ROAD, CASTAIC, CA  91384",105-00444-5640
4/6/2005,FELONIES MISCELLANEOUS,"12500 CLOVIS AVE, LOS ANGELES, CA",405-05428-2143
4/6/2005,MISCELLANEOUS NON-CRIMINAL,"200 E ARTESIA BLVD, COMPTON, CA",105-05127-2842
4/6/2005,LARCENY THEFT,"16100 LAKEWOOD BLVD, BELLFLOWER, CA  90706",405-09288-1334
4/6/2005,MISCELLANEOUS NON-CRIMINAL,"4300 E IMPERIAL HWY, LYNWOOD, CA  90262",105-05429-2115
4/6/2005,MISCELLANEOUS NON-CRIMINAL,"1200 W 204TH ST, TORRANCE, CA",105-00616-3807
4/6/2005,VANDALISM,"13900 TAHITI WAY AND TAHITI MARINA PARKING LOT, MARINA DEL REY, CA  90292",105-00814-2760
4/6/2005,BURGLARY,"24500 VALLE DEL ORO, NEWHALL, CA  91321",405-05502-0627
4/6/2005,VANDALISM,"27100 TIMBERLINE TER, STEVENSON RANCH, CA  91381",405-05503-0661
4/6/2005,ACCIDENTS TRAFFIC/VEH./BOAT,"DIAMOND BAR BLVD AND MONTEFINO AVE, DIAMOND BAR, CA  91765",105-02690-2924
4/6/2005,LARCENY THEFT,"200 SIERRA STE.#C-3 CT, PALMDALE, CA",405-06120-2619
4/6/2005,MISCELLANEOUS NON-CRIMINAL,"4600 BRIGGS AVE, LA CRESCENTA, CA",405-00716-1286
4/6/2005,NARCOTICS,"3800 WILSHIRE BLVD, LOS ANGELES, CA",405-02447-6410
4/6/2005,AGGRAVATED ASSAULT,"700 W AVENUE H12, LANCASTER, CA",405-06982-1121
4/6/2005,LARCENY THEFT,"1300 E PECK ST, COMPTON, CA  90221",105-05128-2825
4/6/2005,VANDALISM,"17800 BLCK VICTORY BLVD, VAN NUYS, CA",405-02448-6884
4/6/2005,VEHICLE / BOATING LAWS,"STAFFORD AND SOTRO, INDUSTRY, CA",105-05494-1414
4/6/2005,LARCENY THEFT,"SMOKEWOOD LN AND BRERWOOD LN, SAN DIMAS, CA  91773",105-01982-0815
4/6/2005,PERSONS MISSING,"500 E 132ND ST, LOS ANGELES, CA",005-05430-2141
4/6/2005,ACCIDENTS TRAFFIC/VEH./BOAT,"PARAMOUNT BLVD AND REX RD, PICO RIVERA, CA  90660",105-03149-1516
4/6/2005,ACCIDENTS TRAFFIC/VEH./BOAT,"LOWER AZUSA RD AND ENCINITA AVE, ROSEMEAD, CA  91770",105-05066-0530
4/6/2005,ACCIDENTS TRAFFIC/VEH./BOAT,"6700 S AVALON BLVD, CARSON, CA",105-04353-1610
4/6/2005,MISCELLANEOUS NON-CRIMINAL,"17300 CUPTNER AVE, CERRITOS, CA",105-01746-2318
4/6/2005,MISCELLANEOUS NON-CRIMINAL,"5000 W 142ND ST, HAWTHORNE, CA  90250",105-03339-0385
4/6/2005,AGGRAVATED ASSAULT,"ARANBE AVE AND ROSECRANS AVE, COMPTON, CA  90220",405-05129-2814
4/6/2005,NARCOTICS,"223RD ST AND SANTA FE AVE, CARSON, CA",405-04354-1622
4/6/2005,MISCELLANEOUS NON-CRIMINAL,"4500 W 167TH ST, LAWNDALE, CA  90260",105-03340-0333
4/6/2005,VEHICLE / BOATING LAWS,"PALMER AND LONG BEACH, COMPTON, CA",105-05130-2826
4/6/2005,MISCELLANEOUS NON-CRIMINAL,"30TH ST W AND PALMDALE BLVD, PALMDALE, CA  93551",505-06121-2612
4/6/2005,BURGLARY,"1400 NORBERRY ST, LANCASTER, CA  93534",405-06983-1125
4/6/2005,MISCELLANEOUS NON-CRIMINAL,"1600 106TH ST, LOS ANGELES, CA  90047",105-03341-0333
4/6/2005,LARCENY THEFT,"700 S ATLANTIC BLVD, EAST LOS ANGELES, CA  90022",105-03941-0285
4/6/2005,JUVENILE NON-CRIMINAL,"2200 E SAN MARCUS ST, COMPTON, CA",105-05131-2826
4/6/2005,MISCELLANEOUS NON-CRIMINAL,"24300 PACIFIC COAST HWY, MALIBU, CA  90265",105-01937-1040
4/6/2005,FRAUD AND NSF CHECKS,"UNKNOWN, UNKNOWN, CA",405-00815-2761
4/6/2005,FORGERY,"1700 E 115TH ST, LOS ANGELES, CA  90059",405-05431-2135
4/6/2005,MISCELLANEOUS NON-CRIMINAL,"MYRRH AND ORANGE, PARAMOUNT, CA  90723",105-09289-1366
4/6/2005,MISCELLANEOUS NON-CRIMINAL,"3100 OLIVE AVE, ALTADENA, CA",105-01067-0771
4/6/2005,NARCOTICS,"1400 E 103RD ST, LOS ANGELES, CA",105-05432-2176
4/6/2005,MISCELLANEOUS NON-CRIMINAL,"14100 PALAWAN WAY, MARINA DEL REY, CA",105-00816-2760
4/6/2005,AGGRAVATED ASSAULT,"3400 S GARFIELD AVE, COMMERCE, CA  90040",505-03942-0246
4/6/2005,VEHICLE / BOATING LAWS,"1300 W LOMITA BLVD, HARBOR CITY, CA",405-04355-1698
4/6/2005,MISCELLANEOUS NON-CRIMINAL,"G 2606 WAY AND SLIP, MARINA DEL REY, CA",105-00817-2763
4/6/2005,VEHICLE / BOATING LAWS,"17TH ST W AND W AVENUE K, LANCASTER, CA  93534",105-06984-1126
4/6/2005,LIQUOR LAWS,"500 ARROW HWY, AZUSA, CA  91702",105-01983-0868
4/6/2005,NARCOTICS,"15800 PARAMOUNT BLVD, PARAMOUNT, CA",405-09290-1368
4/6/2005,NARCOTICS,"ROSEMEAD BLVD AND CATHERINE ST, PICO RIVERA, CA  90660",405-03150-1514
4/6/2005,VANDALISM,"15700 CROSSDALE AVE, NORWALK, CA  90650",105-06616-0455
4/6/2005,MISCELLANEOUS NON-CRIMINAL,"ALAMEDA ST AND IMPERIAL HWY, LYNWOOD, CA",105-05433-2111
4/6/2005,MISCELLANEOUS NON-CRIMINAL,"14300 NELSON AVE, INDUSTRY, CA",505-05495-1414
4/6/2005,FRAUD AND NSF CHECKS,"1900 KELLERTON AVE, HACIENDA HEIGHTS, CA",405-05496-1473
4/6/2005,FRAUD AND NSF CHECKS,,405-06617-0451
4/6/2005,ACCIDENTS TRAFFIC/VEH./BOAT,"48400 20TH ST W, LANCASTER, CA",105-06985-1120
4/6/2005,MISCELLANEOUS NON-CRIMINAL,"18100 STUDEBAKER RD, CERRITOS, CA  90703",105-01747-2311
4/6/2005,MISCELLANEOUS NON-CRIMINAL,"23800 MAGIC MOUNTAIN PKWY, SANTA CLARITA, CA  91355",005-05504-0620
4/6/2005,AGGRAVATED ASSAULT,"21400 MAIN ST, CARSON, CA",505-04356-1618
4/6/2005,NARCOTICS,"5500 WEST BLVD, LOS ANGELES, CA  90043",405-00818-2768
4/6/2005,VEHICLE / BOATING LAWS,"AVALON BLVD AND 405 FWY, CARSON, CA",105-04357-1628
4/6/2005,MISCELLANEOUS NON-CRIMINAL,"VALLEY BLVD AND MUSCATEL AVE, ROSEMEAD, CA",105-05067-0531
4/6/2005,OFFENSES AGAINST FAMILY,"17400 S WALL ST, CARSON, CA",105-04358-1610
4/6/2005,LARCENY THEFT,"11500 LONG BEACH BLVD, LYNWOOD, CA  90262",105-05434-2112
4/6/2005,VANDALISM,"9800 PARK ST, BELLFLOWER, CA  90706",105-09291-1334
4/6/2005,MISCELLANEOUS NON-CRIMINAL,"1100 W CARSON ST, TORRANCE, CA  90509",105-04359-1695
4/6/2005,MISCELLANEOUS NON-CRIMINAL,"800 N DURFEE AVE, SOUTH EL MONTE, CA  91733",105-05068-0576
4/6/2005,JUVENILE NON-CRIMINAL,"9700 DICKY ST, PICO RIVERA, CA  90660",105-03151-1515
4/6/2005,MISCELLANEOUS NON-CRIMINAL,"18600 COLIMA RD, ROWLAND HEIGHTS, CA",105-02691-2930
4/6/2005,LARCENY THEFT,"14600 LAKEWOOD BLVD, PARAMOUNT, CA  90723",105-09292-1365
4/6/2005,GRAND THEFT AUTO,"7100 TELEGRAPH ALY, COMMERCE, CA",605-03943-0245
4/6/2005,PERSONS MISSING,"26700 S WESTERN AVE, LOMITA, CA  90717",005-01264-1751
4/6/2005,BURGLARY,"20400 CRESTLINE DR, ROWLAND HEIGHTS, CA  91748",405-02692-2936
4/6/2005,MISCELLANEOUS NON-CRIMINAL,"16600 BLACKBURN DR, LA MIRADA, CA  90638",105-06618-0467
4/6/2005,MISCELLANEOUS NON-CRIMINAL,"16300 EUCALYPTUS AVE, BELLFLOWER, CA  90706",105-80099-1337
4/6/2005,MISCELLANEOUS NON-CRIMINAL,"18400 MADONA ST, ROWLAND HEIGHTS, CA",105-02693-2931
4/6/2005,BURGLARY,"2900 SUNNYVALE RD, LANCASTER, CA  93536",005-06986-1192
4/6/2005,FRAUD AND NSF CHECKS,"15700 AMAR RD, LA PUENTE, CA",405-05497-1432
4/6/2005,GRAND THEFT AUTO,"17100 BYGROVE ST, COVINA, CA  91722",605-01984-0866
4/6/2005,WEAPON LAWS,"IMPERIAL HWY AND PRAIRIE AVE, LENNOX, CA",405-03342-0383
4/6/2005,GRAND THEFT AUTO,"14900 JERSEY AVE, NORWALK, CA",605-06619-0463
4/6/2005,VEHICLE / BOATING LAWS,"3200 BELLFLOWER BLVD, LONG BEACH, CA  90808",105-01265-1724
4/6/2005,LARCENY THEFT,"300 GENTLE SPRINGS LN, DIAMOND BAR, CA  91765",105-02694-2922
4/6/2005,VEHICLE / BOATING LAWS,"FAIROAKS AVE AND TERRACE ST, ALTADENA, CA",105-01068-0771
4/6/2005,MISCELLANEOUS NON-CRIMINAL,"1400 E TUCKER ST, COMPTON, CA  90221",105-05132-2823
4/6/2005,NON-AGGRAVATED ASSAULTS,"13500 1/2 VILLAGE DR, CERRITOS, CA",105-01748-2316
4/6/2005,PERSONS MISSING,"3800 E AVENUE R-12, PALMDALE, CA",005-06122-2608
4/6/2005,LARCENY THEFT,"9000 SUNSET BLVD, WEST HOLLYWOOD, CA  90069",505-02379-0986
4/6/2005,GRAND THEFT AUTO,"3700 ROSEMEAD BLVD, ROSEMEAD, CA",605-05069-0531
4/6/2005,PERSONS MISSING,"27300 SANTA CLARITA RD, SAUGUS, CA  91350",005-05505-0641
4/6/2005,MISCELLANEOUS NON-CRIMINAL,"ZUMA BEACH, MALIBU, CA",105-01939-1082
4/6/2005,ACCIDENTS TRAFFIC/VEH./BOAT,"TEMPLE AVE AND SIESTA AVE, LA PUENTE, CA",105-05498-1430
4/6/2005,MISCELLANEOUS NON-CRIMINAL,"6700 E ROSECRANS AVE, PARAMOUNT, CA  90723",105-09293-1360
4/6/2005,LARCENY THEFT,"32200 CASTAIC LAKE RD, CASTAIC, CA  91384",105-05506-0691
4/6/2005,VANDALISM,"11100 ROSECRANS AVE, NORWALK, CA",105-06620-0455
4/6/2005,GRAND THEFT AUTO,"OLYMPIC BLVD AND CLELA, EAST LOS ANGELES, CA",605-03944-0284
4/6/2005,BURGLARY,"23700 MEADOW RIDGE AVE, NEWHALL, CA  91321",405-05507-0628
4/6/2005,NON-AGGRAVATED ASSAULTS,"500 BAUCHET ST, LOS ANGELES, CA  90012",005-00481-5100
4/6/2005,ACCIDENTS TRAFFIC/VEH./BOAT,"SOLEDAD CANYON RD AND RIVER CIRCLE DR, SANTA CLARITA, CA",105-05508-0631
4/6/2005,FRAUD AND NSF CHECKS,"2400 ROSEMEAD BLVD, SOUTH EL MONTE, CA  91733",405-05070-0560
4/6/2005,NARCOTICS,"7700 S GRAHAM AVE, LOS ANGELES, CA",405-05436-2173
4/6/2005,PERSONS MISSING,"10500 BARNWALL ST, BELLFLOWER, CA  90706",005-09294-1333
4/6/2005,MENTALLY ILL,"3200 FOOTHILL BLVD, LA CRESCENTA, CA",105-00717-1280
4/6/2005,MISCELLANEOUS NON-CRIMINAL,"19400 TUDOR ST, COVINA, CA",105-01985-0867
4/6/2005,ROBBERY,"1400 AVENIDA CESAR CHAVEZ, MONTEREY PARK, CA  91754",405-00424-8721
4/6/2005,FELONIES MISCELLANEOUS,"12000 FIRESTONE BLVD, NORWALK, CA  90650",405-06621-0454
4/6/2005,MISCELLANEOUS NON-CRIMINAL,"12300 PEACH ST, LYNWOOD, CA  90262",105-05437-2116
4/6/2005,GRAND THEFT AUTO,"1900 E AVENUE J, LANCASTER, CA",605-06987-1137
4/6/2005,PERSONS MISSING,"2200 N ANZAC, COMPTON, CA  90221",005-05133-2813
4/6/2005,MISCELLANEOUS NON-CRIMINAL,", UNKNOWN, CA",105-04360-1624
4/6/2005,ROBBERY,"11500 CARSON ST, LAKEWOOD, CA  90715",405-09295-1327
4/6/2005,AGGRAVATED ASSAULT,"77TH ST AND CROCKETT BLVD, LOS ANGELES, CA",405-05438-2173
4/6/2005,AGGRAVATED ASSAULT,"11500 VERMONT AVE, LOS ANGELES, CA  90044",405-03343-0375
4/6/2005,FELONIES MISCELLANEOUS,"500 BAUCHET ST, LOS ANGELES, CA  90012",005-00482-5100
4/6/2005,LARCENY THEFT,"12400 221ST ST, HAWAIIAN GARDENS, CA  90716",405-09296-1351
4/6/2005,SEX OFFENSES MISDEMEANORS,"LONG BEACH BLVD AND ELM ST, COMPTON, CA  90221",105-05134-2824
4/6/2005,ACCIDENTS TRAFFIC/VEH./BOAT,"SAN GABRIEL BLVD AND GARVEY AVE, ROSEMEAD, CA",105-05071-0533
4/6/2005,AGGRAVATED ASSAULT,"3600 E IMPERIAL HWY, LYNWOOD, CA  90262",405-05439-2112
4/6/2005,VEHICLE / BOATING LAWS,"MAYNARD DR AND LAS LOMAS RD, DUARTE, CA",105-05072-0542
4/6/2005,VANDALISM,"ATLANTIC AVE AND RANDOLPH ST, MAYWOOD, CA",105-02449-6835
4/6/2005,MISCELLANEOUS NON-CRIMINAL,"4300 E SAUNDERS, COMPTON, CA",105-05135-2826
4/6/2005,MISCELLANEOUS NON-CRIMINAL,"3200 EL SEGUNDO BLVD, LYNWOOD, CA",605-05440-2116
4/6/2005,LARCENY THEFT,"2100 W AVENUE J6, LANCASTER, CA  93536",405-06988-1127
4/6/2005,DISORDERLY CONDUCT,"17000 RORIMER ST, LA PUENTE, CA  91744",105-05499-1434
4/6/2005,WEAPON LAWS,"16300 EUCALYPTUS AVE, BELLFLOWER, CA  90706",405-09297-1337
4/6/2005,NON-AGGRAVATED ASSAULTS,"17300 ARROW HWY, AZUSA, CA  91702",105-01986-0867
4/6/2005,LARCENY THEFT,"3000 N EL NIDO AVE, ALTADENA, CA",105-01069-0772
4/6/2005,NARCOTICS,"5100 CHURCH ST, PICO RIVERA, CA  90660",405-03152-1514
4/6/2005,VEHICLE / BOATING LAWS,"CLARK AVE AND 7TH AVE, HACIENDA HEIGHTS, CA",105-05500-1478
4/6/2005,MISCELLANEOUS NON-CRIMINAL,"3900 MARTIN LUTHER KING BLVD, LYNWOOD, CA",105-05441-2112
4/6/2005,NARCOTICS,"RATH ST AND BIG DALTON AVE, WEST VALINDA, CA",405-05501-1420
4/6/2005,MISCELLANEOUS NON-CRIMINAL,"24300 VALENCIA BLVD, SANTA CLARITA, CA  91355",505-05509-0608
4/6/2005,VEHICLE / BOATING LAWS,"3RD ST E AND AVENUE Q-10, PALMDALE, CA",105-06124-2611
4/6/2005,AGGRAVATED ASSAULT,,405-00137-6150
4/6/2005,NARCOTICS,"1000 N PEARL AVE, COMPTON, CA",405-05136-2824
4/6/2005,LARCENY THEFT,"1400 W AVENUE P, PALMDALE, CA",105-06125-2618
4/6/2005,AGGRAVATED ASSAULT,"1900 E AVENUE J4, LANCASTER, CA",405-06989-1137
4/6/2005,FRAUD AND NSF CHECKS,,405-03945-0244
4/6/2005,NARCOTICS,"AVALON BLVD AND 135TH ST, LOS ANGELES, CA",405-00504-3670
4/6/2005,VEHICLE / BOATING LAWS,"2000 BROACH AVE, DUARTE, CA",105-05073-0540
4/6/2005,VEHICLE / BOATING LAWS,"BUTLER AVE AND SAN VICENTE ST, COMPTON, CA",105-05137-2851
4/6/2005,LARCENY THEFT,"100 E ALTADENA DR, ALTADENA, CA",405-01070-0773
4/6/2005,LARCENY THEFT,"6900 ROSEMEAD BLVD, SAN GABRIEL, CA",105-05074-0588
4/6/2005,ACCIDENTS TRAFFIC/VEH./BOAT,"CIVIC CENTER DR AND BLOOMFIELD AVE, NORWALK, CA",105-06622-0454
4/6/2005,ACCIDENTS TRAFFIC/VEH./BOAT,"5TH ST E AND AVENUE J4, LANCASTER, CA",105-06990-1133
4/6/2005,AGGRAVATED ASSAULT,"900 SUNSET AVE, LA PUENTE, CA",405-05502-1430
4/6/2005,LARCENY THEFT,"2100 W AVENUE J13, LANCASTER, CA",405-06991-1127
4/6/2005,VEHICLE / BOATING LAWS,"11900 ALONDRA BLVD, NORWALK, CA",105-06623-0456
4/6/2005,NARCOTICS,"GRAND AVE AND S OF TEMPLE, WALNUT, CA",105-02695-2912
4/6/2005,MISCELLANEOUS NON-CRIMINAL,"2100 E 7TH ST, LOS ANGELES, CA",105-02450-6891
4/6/2005,LARCENY THEFT,"43900 15TH ST W, LANCASTER, CA",105-06992-1126
4/6/2005,MISCELLANEOUS NON-CRIMINAL,"24500 TIMON LN, NEWHALL, CA  91321",505-05510-0628
4/6/2005,LARCENY THEFT,"1000 N SAN VICENTE BLVD, WEST HOLLYWOOD, CA",405-02380-0977
4/6/2005,GRAND THEFT AUTO,"24622-B BRIGHTON DR, SANTA CLARITA, CA  91355",605-05511-0621
4/6/2005,VANDALISM,"14900 DON JULIAN RD, INDUSTRY, CA",405-05503-1413
4/6/2005,ACCIDENTS TRAFFIC/VEH./BOAT,"PATHFINDER RD AND EVERGREEN SPRINGS DR, DIAMOND BAR, CA  91765",105-02697-2927
4/6/2005,MISCELLANEOUS NON-CRIMINAL,"10300 HAAS AVE, LOS ANGELES, CA",105-03344-0373
4/6/2005,LARCENY THEFT,"1300 1/2 68TH ST, LOS ANGELES, CA",405-05442-2170
4/6/2005,FEDERAL OFFENSES WITH MONEY,"10900 E RUSH ST, SOUTH EL MONTE, CA  91733",405-05075-0560
4/6/2005,PERSONS MISSING,"13700 FENDALE ST, WHITTIER, CA  90605",005-06624-0494
4/6/2005,PERSONS MISSING,"15800 ORANGE AVE, PARAMOUNT, CA  90723",005-09298-1366
4/6/2005,ACCIDENTS MISCELLANEOUS,"11500 CARSON ST, LAKEWOOD, CA",405-09299-1327
4/6/2005,FRAUD AND NSF CHECKS,"1300 KOLEETA DR, HARBOR CITY, CA  90710",405-04361-1698
4/6/2005,PERSONS MISSING,"1800 W 111TH ST, LOS ANGELES, CA  90047",005-03345-0374
4/6/2005,NARCOTICS,"N SHANGRI - LA AND N SOLEDAD CANYON RD, CANYON COUNTRY, CA",405-05512-0612
4/6/2005,VANDALISM,"21900 S FIGUEROA, CARSON, CA  90745",105-04362-1617
4/6/2005,LARCENY THEFT,"100 W MENDOCINO ST, ALTADENA, CA",405-01071-0772
4/6/2005,MISCELLANEOUS NON-CRIMINAL,"12100 IMPERIAL HWY, NORWALK, CA  90650",105-06625-0451
4/6/2005,FRAUD AND NSF CHECKS,"39400 KENNEDY DR, PALMDALE, CA",405-06126-2612
4/6/2005,JUVENILE NON-CRIMINAL,"7400 HOOPER, FLORENCE, CA  90001",105-05443-2172
4/6/2005,NARCOTICS,"2100 N BELLHAVEN AVE, LOS ANGELES, CA",405-00505-3670
4/6/2005,NON-AGGRAVATED ASSAULTS,"28000 SOLAMINT RD, CANYON COUNTRY, CA  91351",105-05513-0631
4/6/2005,GRAND THEFT AUTO,,605-00617-3805
4/6/2005,MISCELLANEOUS NON-CRIMINAL,"11500 WHITTIER BLVD, WHITTIER, CA",105-03153-1575
4/6/2005,PERSONS MISSING,"38800 37TH ST E, PALMDALE, CA",005-06127-2608
4/6/2005,MISCELLANEOUS NON-CRIMINAL,"17300 VILLA PARK, LA PUENTE, CA",105-05504-1435
4/6/2005,AGGRAVATED ASSAULT,"16100 FLAMSTEAD AVE, HACIENDA HEIGHTS, CA",505-05505-1473
4/6/2005,MISCELLANEOUS NON-CRIMINAL,"LONG BEACH BLVD AND ALONDRA BLVD, COMPTON, CA",405-05138-2846
4/6/2005,LARCENY THEFT,"600 S SIMMONS AVE, EAST LOS ANGELES, CA  90022",405-03948-0282
4/6/2005,DISORDERLY CONDUCT,"3400 KELBURN AVE, ROSEMEAD, CA  91770",105-05076-0532
4/6/2005,MISDEMEANORS MISCELLANEOUS,"13650 MINDANAO WAY AND BURTON CHASE PARK, MARINA DEL REY, CA  90292",105-00819-2761
4/6/2005,VEHICLE / BOATING LAWS,"E AVENUE J AND 100TH ST E, LANCASTER, CA  93535",105-06993-1197
4/6/2005,VEHICLE / BOATING LAWS,"AVENUE R-2 AND 100 ST E, PALMDALE, CA",105-06128-2663
4/6/2005,MISCELLANEOUS NON-CRIMINAL,"500 BAUCHET ST, LOS ANGELES, CA  90012",005-00483-5100
4/6/2005,LARCENY THEFT,"AVALON BLVD AND UNIVERSITY DR, CARSON, CA",105-04363-1613
4/6/2005,FRAUD AND NSF CHECKS,"11700 ST ANDREWS PL, LOS ANGELES, CA",405-03347-0376
4/6/2005,MISCELLANEOUS NON-CRIMINAL,"500 BAUCHET ST, LOS ANGELES, CA  90012",205-00624-5120
4/6/2005,MISCELLANEOUS NON-CRIMINAL,"5600 N WELLSLEY DR, CALABASAS, CA  91301",105-01940-2253
4/6/2005,FEDERAL OFFENSES W/O MONEY,"EL CAMINO DR AND LAKEVIEW AVE, PALMDALE, CA",105-06129-2649
4/6/2005,AGGRAVATED ASSAULT,"44800 3RD ST E, LANCASTER, CA",405-06994-1132
4/6/2005,MISCELLANEOUS NON-CRIMINAL,"1600 S CENTER, COMPTON, CA",105-05139-2836
4/6/2005,MISCELLANEOUS NON-CRIMINAL,"14700 NAWH LN, NORWALK, CA",105-06626-0455
4/6/2005,MISCELLANEOUS NON-CRIMINAL,"CARSON ST AND FIGUEROA ST, CARSON, CA",105-04364-1617
4/6/2005,VANDALISM,"14500 S CLYMAR AVE, COMPTON, CA",105-05140-2872
4/6/2005,PERSONS MISSING,"9500 PITKIN ST, ROSEMEAD, CA",005-05078-0530
4/6/2005,MISCELLANEOUS NON-CRIMINAL,"FELLOWSHIP ST AND WALNUT AVE, VALINDA, CA",405-05506-1440
4/6/2005,GRAND THEFT AUTO,"14900 S ATLANTIC AVE, COMPTON, CA",605-05141-2851
4/6/2005,PERSONS DEAD,"4300 SADDLECREST LANE, WESTLAKE VILLAGE, CA  91361",005-01941-2260
4/6/2005,FRAUD AND NSF CHECKS,"44500 REGENTS CT, WESTLAKE VILLAGE, CA",405-01942-2260
4/6/2005,MISCELLANEOUS NON-CRIMINAL,"1200 E PALM, ALTADENA, CA  91001",105-01072-0775
4/6/2005,NON-AGGRAVATED ASSAULTS,"30200 SAN MARTINEZ, VAL VERDE, CA  91384",105-05515-0662
4/6/2005,MISCELLANEOUS NON-CRIMINAL,"400 E ELM ST, COMPTON, CA",105-05142-2822
4/6/2005,DISORDERLY CONDUCT,"1700 W 83RD ST, LOS ANGELES, CA  90047",105-05445-2174
4/6/2005,VEHICLE / BOATING LAWS,"40701 RANCHO VISTA BLVD AND THE BOULDERS, PALMDALE, CA",105-06130-2617
4/6/2005,NON-AGGRAVATED ASSAULTS,"16000 MEADOWSIDE ST, VALINDA, CA",505-05507-1440
4/6/2005,FRAUD AND NSF CHECKS,"1900 3/4 TYLER AVE, SOUTH EL MONTE, CA  91733",405-05079-0561
4/6/2005,NARCOTICS,"154TH ST AND VISALIA AVE, COMPTON, CA",405-05143-2873
4/6/2005,NARCOTICS,"20TH ST E AND AVENUE R, PALMDALE, CA",405-06131-2610
4/6/2005,LARCENY THEFT,"5100 BRIERCREST AVE, LAKEWOOD, CA  90712",105-09300-1321
4/6/2005,VEHICLE / BOATING LAWS,"MYRRH AND ACACIA, COMPTON, CA",105-05144-2835
4/6/2005,AGGRAVATED ASSAULT,"BRADFIELD AVE AND SAN VICENTE ST, EAST RANCHO DOMINGUEZ, CA",405-05145-2852
4/6/2005,MISCELLANEOUS NON-CRIMINAL,"43500 6TH ST E, LANCASTER, CA  93535",105-06995-1134
4/6/2005,MISCELLANEOUS NON-CRIMINAL,"43500 16TH ST W, LANCASTER, CA  93536",105-06996-1126
4/6/2005,MISCELLANEOUS NON-CRIMINAL,"44600 SIERRA HWY, LANCASTER, CA  93534",105-06997-1122
4/6/2005,NARCOTICS,"AVALON BLVD AND ROSECRANS AVE, LOS ANGELES, CA  90061",405-00506-3670
4/6/2005,MISCELLANEOUS NON-CRIMINAL,"1100 EDIE WAY, LANCASTER, CA",105-06998-1137
4/6/2005,FORGERY,"2200 E 119TH ST, LOS ANGELES, CA",405-05446-2136
4/6/2005,LARCENY THEFT,"1400 W AVENUE P, PALMDALE, CA",405-06132-2618
4/6/2005,FELONIES MISCELLANEOUS,"12100 164TH ST, NORWALK, CA  90650",405-06628-0458
4/6/2005,SEX OFFENSES FELONIES,"16100 S ATLANTIC BLVD, COMPTON, CA",405-05146-2847
4/6/2005,PERSONS MISSING,"6100 SUGARWOOD ST, LAKEWOOD, CA  90713",005-09301-1324
4/6/2005,LARCENY THEFT,"2300 E WASHINGTON BLVD, ALTADENA, CA",105-01073-0777
4/6/2005,MISCELLANEOUS NON-CRIMINAL,"28600 DRIVER AVE, AGOURA HILLS, CA  91301",105-01943-2223
4/6/2005,ROBBERY,"500 E 131ST ST, ATHENS, CA  90061",405-05447-2141
4/6/2005,NON-AGGRAVATED ASSAULTS,"HOOPER AVE AND 64TH ST, LOS ANGELES, CA",205-05448-2170
4/6/2005,MISDEMEANORS MISCELLANEOUS,"200 E WOODBURY RD, ALTADENA, CA",105-01074-0774
4/6/2005,LARCENY THEFT,"2500 MARINE AVE, REDONDO BEACH, CA",105-02451-6052
4/6/2005,ACCIDENTS TRAFFIC/VEH./BOAT,"NARBONNE AVE AND PACIFIC COAST HWY, LOMITA, CA  90717",405-01266-1714
4/6/2005,VEHICLE / BOATING LAWS,"CHICO AVE AND GIOVANE ST, SOUTH EL MONTE, CA",105-05080-0560
4/6/2005,NON-AGGRAVATED ASSAULTS,"4600 W AVENUE M, LANCASTER, CA",405-06999-1182
4/6/2005,BURGLARY,"21300 BROADWELL AVE, TORRANCE, CA",405-04365-1694
4/6/2005,ACCIDENTS TRAFFIC/VEH./BOAT,"AMAR RD AND REGAL CANYON DR, WALNUT, CA  91789",105-02698-2915
4/6/2005,VANDALISM,"400 W BASELINE RD, LA VERNE, CA  91750",105-01987-0877
4/6/2005,FORGERY,"TARGET, ORANGE, CA",405-06629-0454
4/6/2005,VEHICLE / BOATING LAWS,"WESTERN AVE AND DELASONDE, RANCHO PALOS VERDES, CA  90731",105-01267-1747
4/6/2005,MISCELLANEOUS NON-CRIMINAL,"500 BAUCHET ST, LOS ANGELES, CA  90012",205-00625-5120
4/6/2005,FORGERY,"VERMONT AND 136TH ST, LOS ANGELES, CA",405-05517-0642
4/6/2005,LARCENY THEFT,"26800 MONT CALABASAS DR, CALABASAS, CA  91302",405-01944-2251
4/6/2005,JUVENILE NON-CRIMINAL,"6500 OAK AVE, TEMPLE CITY, CA",105-05081-0521
4/6/2005,GRAND THEFT AUTO,"2200 CATHRYN DR, SAN GABRIEL, CA  91775",605-05082-0572
4/6/2005,SEX OFFENSES MISDEMEANORS,"LONG BEACH BLVD AND ELIZABETH AVE, LYNWOOD, CA  90262",405-05449-2112
4/6/2005,NON-AGGRAVATED ASSAULTS,"16000 VERMONT AVE, PARAMOUNT, CA  90723",405-09302-1365
4/6/2005,VEHICLE / BOATING LAWS,"FOUNTAIN AVE AND W HAVENHURST DR, WEST HOLLYWOOD, CA",105-02382-0975
4/6/2005,DRUNK / ALCOHOL / DRUGS,"SANTA MONICA BLVD AND GENESSEE AVE, WEST HOLLYWOOD, CA",105-02383-0974
4/6/2005,PERSONS MISSING,"40200 107TH ST W, LEONA VALLEY, CA",005-06133-2653
4/6/2005,MISCELLANEOUS NON-CRIMINAL,"14400 S NORWALK BLVD, NORWALK, CA",105-06630-0456
4/6/2005,VEHICLE / BOATING LAWS,"154TH ST AND BROADWAY, GARDENA, CA",105-04366-1610
4/6/2005,LARCENY THEFT,"43900 15TH ST W, LANCASTER, CA  93534",505-07000-1126
4/6/2005,ACCIDENTS TRAFFIC/VEH./BOAT,"DIAMOND BAR BLVD AND SUGARPINE PL, DIAMOND BAR, CA  91765",105-02699-2927
4/6/2005,AGGRAVATED ASSAULT,"10600 BUDLONG AVE, LOS ANGELES, CA",405-03348-0372
4/6/2005,MISCELLANEOUS NON-CRIMINAL,"1400 N GRAND OAKS AVE, ALTADENA, CA  91001",105-01075-0777
4/6/2005,VANDALISM,"13900 BARRYDALE AVE, VALINDA, CA",105-05508-1420
4/6/2005,VEHICLE / BOATING LAWS,"AVENUE L AND 30TH ST W, LANCASTER, CA",105-07001-1192
4/6/2005,NARCOTICS,"254TH ST AND WALNUT ST, LOMITA, CA  90717",405-01268-1712
4/6/2005,MISCELLANEOUS NON-CRIMINAL,"9300 LAUREL ST, BELLFLOWER, CA  90706",505-09303-1334
4/6/2005,FRAUD AND NSF CHECKS,"17400 LAREDO VISTA, LAKE LOS ANGELES, CA  93535",405-07002-1197
4/6/2005,VEHICLE / BOATING LAWS,"S BOUND 101 FREEWAY AND PARKWAY CALABASAS, CALABASAS, CA  91301",105-01945-2248
4/6/2005,VANDALISM,"FORTHY ST AND KELBURN AVE, ROSEMEAD, CA  91770",405-05083-0532
4/6/2005,VEHICLE / BOATING LAWS,"MAKEE AVE AND 5800 BLK, LOS ANGELES, CA",105-05451-2171
4/6/2005,FRAUD AND NSF CHECKS,"1700 N ELVA AVE, COMPTON, CA  90222",405-05147-2810
4/6/2005,FORGERY,"2400 DENTON AVE, ROSEMEAD, CA  91770",405-05084-0533
4/6/2005,DRUNK DRIVING VEHICLE / BOAT,"22800 PACIFIC COAST HWY, MALIBU, CA  90265",105-01946-1016
4/6/2005,FRAUD AND NSF CHECKS,"WALMART NFD, NORWALK, CA",405-06631-0454
4/6/2005,LARCENY THEFT,"700 S ACACIA AVE, COMPTON, CA",505-05148-2835
4/6/2005,MISCELLANEOUS NON-CRIMINAL,"7600 NEENAH ST, COMMERCE, CA  90040",105-03950-0247
4/6/2005,MISCELLANEOUS NON-CRIMINAL,"18000 COKE AVE, BELLFLOWER, CA  90706",505-09304-1335
4/6/2005,LARCENY THEFT,"29200 HEFFNER RD, ACTON, CA",405-06135-2646
4/6/2005,NARCOTICS,"ROSECRANS AVE AND ALONDRA BLVD, LOS ANGELES, CA",405-00508-3670
4/6/2005,ROBBERY,"LONG BEACH BLVD AND VIRGINIA AVE, LYNWOOD, CA  90262",405-05452-2116
4/6/2005,NARCOTICS,"SLOAN CANYON AND THE OLD ROAD RD, VALENCIA, CA  91355",405-05520-0675
4/6/2005,MISCELLANEOUS NON-CRIMINAL,"9600 TELEGRAPH RD, PICO RIVERA, CA  90660",105-03154-1519
4/6/2005,NON-AGGRAVATED ASSAULTS,"2700 CHARLOTTE AVE, ROSEMEAD, CA",405-05086-0533
4/6/2005,LARCENY THEFT,"2100 DEL AMO BLVD, LAKEWOOD, CA  90712",105-09305-1320
4/6/2005,AGGRAVATED ASSAULT,"7300 MOTZ ST, PARAMOUNT, CA  90723",405-09306-1367
4/6/2005,FRAUD AND NSF CHECKS,"29200 INDIAN VALLEY, RANCHO PALOS VERDES, CA  90275",405-01269-1734
4/6/2005,NARCOTICS,"9100 TELEGRAPH RD, PICO RIVERA, CA  90660",405-03155-1518
4/6/2005,MISCELLANEOUS NON-CRIMINAL,"2200 FOOTHILL BLVD, LA CANADA, CA  91011",105-00718-1260
4/6/2005,NARCOTICS,"10100 BLK OF OBREGON ST, WHITTIER, CA",405-03156-1574
4/6/2005,MISCELLANEOUS NON-CRIMINAL,"14300 SKYLINE DR, HACIENDA HEIGHTS, CA",105-05509-1477
4/6/2005,MISCELLANEOUS NON-CRIMINAL,"500 E AVENUE L, LANCASTER, CA",105-07003-1134
4/6/2005,ACCIDENTS TRAFFIC/VEH./BOAT,"30TH ST E AND AVENUE R, PALMDALE, CA",105-06136-2608
4/6/2005,LARCENY THEFT,"11300 183RD ST, CERRITOS, CA  90703",105-01749-2311
4/6/2005,MISCELLANEOUS NON-CRIMINAL,"14300 SKYLINE DR, HACIENDA HEIGHTS, CA",505-05511-1477
4/6/2005,LARCENY THEFT,"25000 WALNUT AVE, LOMITA, CA  90717",405-01271-1712
4/6/2005,GRAND THEFT AUTO,"1400 AVENIDA CESAR CHAVEZ, MONTEREY PARK, CA  91754",605-00425-8721
4/6/2005,MISCELLANEOUS NON-CRIMINAL,"7700 N NORTON AVE, WEST HOLLYWOOD, CA",105-02384-0974
4/6/2005,DRUNK / ALCOHOL / DRUGS,"DEL AMO BLVD AND VERMONT AVE, TORRANCE, CA",105-04367-1694
4/6/2005,BURGLARY,"24200 AVENIDA RANCHEROS, DIAMOND BAR, CA  91765",405-02701-2920
4/6/2005,MISCELLANEOUS NON-CRIMINAL,"LONG BEACH BLVD AND MAGNOLIA AVE, LYNWOOD, CA  90262",105-05453-2116
4/6/2005,MISCELLANEOUS NON-CRIMINAL,"500 E BAUCHET ST, LOS ANGELES, CA  90012",505-00484-5100
4/6/2005,MISCELLANEOUS NON-CRIMINAL,"3100 HOLLINE CT, LANCASTER, CA",105-07004-1137
4/6/2005,BURGLARY,"2000 PEACEFUL HILLS RD, DIAMOND BAR, CA  91789",405-02702-2928
4/6/2005,VEHICLE / BOATING LAWS,"HACIENDA BLVD AND FRANCISQUITO ST, LA PUENTE, CA",105-05512-1432
4/6/2005,MISCELLANEOUS NON-CRIMINAL,"HURLEY AVE AND AZUSA AVE, LA PUENTE, CA",105-05513-1435
4/6/2005,NARCOTICS,"1800 W 62ND ST, LOS ANGELES, CA  90047",405-05454-2170
4/6/2005,BURGLARY,"800 E AVENUE H14, LANCASTER, CA  93535",405-07005-1131
4/6/2005,AGGRAVATED ASSAULT,"19000 LAUREL PARK RD, RANCHO DOMINGUEZ, CA",405-04368-1692
4/6/2005,MISCELLANEOUS NON-CRIMINAL,"5200 N GLENDORA AVE, COVINA, CA",105-01988-0870
4/6/2005,FRAUD AND NSF CHECKS,"11500 BROADMEAD ST, SOUTH EL MONTE, CA  91733",405-05087-0562
4/6/2005,MISCELLANEOUS NON-CRIMINAL,"ROSEMEAD BLVD AND WHITMORE AVE, ROSEMEAD, CA",105-05088-0534
4/6/2005,LARCENY THEFT,"1800 N PEPPER DR, ALTADENA, CA  91001",405-01076-0777
4/6/2005,MISCELLANEOUS NON-CRIMINAL,"1300 E PALMDALE BLVD, PALMDALE, CA  93550",405-06137-2610
4/6/2005,VEHICLE / BOATING LAWS,"BLOOMFIELD AVE AND ALONDRA BLVD, CERRITOS, CA  90703",105-01750-2319
4/6/2005,VEHICLE / BOATING LAWS,"NADEAU AVE AND ALIX AVE, LOS ANGELES, CA",105-05455-2175
4/6/2005,WEAPON LAWS,"45500 6TH ST E, LANCASTER, CA  93535",405-07006-1131
4/6/2005,MISCELLANEOUS NON-CRIMINAL,"4500 STEVELY AVE, LAKEWOOD, CA",105-09307-1325
4/6/2005,MISCELLANEOUS NON-CRIMINAL,"1100 E PALMDALE BLVD, PALMDALE, CA",105-06138-2610
4/6/2005,JUVENILE NON-CRIMINAL,,105-09308-1335
4/6/2005,MISCELLANEOUS NON-CRIMINAL,"19400 STILLMORE ST, CANYON COUNTRY, CA  91351",105-05521-0612
4/6/2005,MISCELLANEOUS NON-CRIMINAL,"1100 UNIVERSAL STUDIOS BLVD, UNIVERSAL CITY, CA  91608",505-02385-0980
4/6/2005,MISCELLANEOUS NON-CRIMINAL,"14700 MUMS MEADOW CT, CANYON COUNTRY, CA",105-05522-0635
4/6/2005,MISCELLANEOUS NON-CRIMINAL,"20500 SOLEDAD CANYON RD, CANYON COUNTRY, CA  91351",105-05523-0610
4/6/2005,MISCELLANEOUS NON-CRIMINAL,"29400 THE OLD ROAD, CASTAIC, CA  91384",505-00445-5640
4/6/2005,VANDALISM,"26400 CRENSHAW BLVD, PALOS VERDES PENINSULA, CA  90274",405-01272-1753
4/6/2005,DISORDERLY CONDUCT,"400 E 132ND ST, ATHENS, CA  90061",105-05456-2141
4/6/2005,NON-AGGRAVATED ASSAULTS,"14400 SAN ESTABAN DR, LA MIRADA, CA  90638",505-06633-0472
4/6/2005,PERSONS MISSING,"200 S LA ALAMEDA ST, SAN PEDRO, CA  90731",005-01273-1750
4/6/2005,JUVENILE NON-CRIMINAL,"200 E WOODBURY RD, ALTADENA, CA  91001",105-01077-0774
4/6/2005,NARCOTICS,"E 75TH ST AND 1500 BLOCK, LOS ANGELES, CA",405-05457-2172
4/6/2005,ACCIDENTS TRAFFIC/VEH./BOAT,"TEMPLE AVE AND UNRUH AVE, LA PUENTE, CA",105-05514-1431
4/6/2005,PERSONS MISSING,"10000 PARKINSON AVE, WHITTIER, CA  90605",005-06634-0491
4/6/2005,PERSONS MISSING,"12900 TOMAHAWK, NORWALK, CA  90650",005-06635-0454
4/6/2005,NARCOTICS,"VISALIA AVE AND 154TH ST, COMPTON, CA",405-05149-2873
4/6/2005,LARCENY THEFT,"39200 10TH ST W, PALMDALE, CA",405-06139-2619
4/6/2005,SEX OFFENSES MISDEMEANORS,"1100 E AUTUMN LEAF CT, CARSON, CA",105-04369-1630
4/6/2005,AGGRAVATED ASSAULT,"21400 S PROSPECT AVE, CARSON, CA",405-04370-1622
4/6/2005,VEHICLE / BOATING LAWS,"ERNESTINE AND CORTLAND AVE, LYNWOOD, CA",105-05458-2114
4/6/2005,NON-AGGRAVATED ASSAULTS,"1200 GAYLAND AVE, HACIENDA HEIGHTS, CA",505-05515-1473
4/6/2005,FRAUD AND NSF CHECKS,"2000 S STAGIO DR, MONROVIA, CA",405-05089-0584
4/6/2005,PERSONS MISSING,"2700 LA PRESA AVE, ROSEMEAD, CA  91770",005-05090-0534
4/6/2005,FORGERY,"14000 DAGMAR AVE, LOS ANGELES, CA",105-05459-2141
4/6/2005,MISCELLANEOUS NON-CRIMINAL,"18600 VALLEY BLVD, VALINDA, CA",105-05516-1443
4/6/2005,BURGLARY,"22700 FENWALL DR, SANTA CLARITA, CA",405-05524-0641
4/6/2005,NARCOTICS,"RUETHER AVE AND TRIANGLE RD, CANYON COUNTRY, CA  91351",405-05525-0634
4/6/2005,ROBBERY,"3100 HACIENDA BLVD, HACIENDA HEIGHTS, CA",405-05517-1471
4/6/2005,NARCOTICS,"7700 NORTON AVE, WEST HOLLYWOOD, CA",405-02387-0974
4/6/2005,SEX OFFENSES FELONIES,"3200 BANNING AVE, LYNWOOD, CA  90262",005-05460-2116
4/6/2005,PERSONS MISSING,"24300 ALEXANDRIA ST, HARBOR CITY, CA",005-04371-1698
4/6/2005,VEHICLE / BOATING LAWS,"FLORENCE AVE AND SANTA FE AVE, LOS ANGELES, CA",105-05461-2171
4/6/2005,NARCOTICS,"BULLIS RD AND PINE ST, COMPTON, CA  90220",405-05150-2821
4/6/2005,ACCIDENTS TRAFFIC/VEH./BOAT,"AVENUE L AND 90TH ST W, LANCASTER, CA",105-07007-1159
4/6/2005,NARCOTICS,"VIDORA AND VIVERO REAR, ROWLAND HEIGHTS, CA",105-02703-2932
4/6/2005,MISCELLANEOUS NON-CRIMINAL,"27400 SIERRA HWY, CANYON COUNTRY, CA  91387",105-05526-0612
4/6/2005,VAGRANCY,"1400 S LONG BEACH BLVD, COMPTON, CA  90220",105-05151-2844
4/6/2005,VANDALISM,"22400 ELAINE AVE, HAWAIIAN GARDENS, CA  90716",105-09309-1351
4/6/2005,BURGLARY,"4500 VAIL AVE, CERRITOS, CA  90703",405-01751-2314
4/6/2005,VAGRANCY,"1400 S LONG BEACH BLVD, COMPTON, CA  90220",105-05152-2844
4/6/2005,MISCELLANEOUS NON-CRIMINAL,"8300 HELLMAN AVE, ROSEMEAD, CA",105-05091-0533
4/6/2005,FELONIES MISCELLANEOUS,"700 E KETTERING ST, LANCASTER, CA  93535",405-07008-1132
4/6/2005,MISCELLANEOUS NON-CRIMINAL,"HIGH VALLEY TOWN HOMES, LANCASTER, CA",105-07009-1127
4/6/2005,NON-AGGRAVATED ASSAULTS,"24700 BRIGHTON DR, SANTA CLARITA, CA  91355",505-05527-0621
4/6/2005,WEAPON LAWS,"HACIENDA BLVD AND DON JULIAN RD, INDUSTRY, CA",005-05518-1414
4/6/2005,VEHICLE / BOATING LAWS,"MAPLEGROVE ST AND VALINDA AVE, VALINDA, CA",105-05519-1440
4/6/2005,NARCOTICS,"WALTER ST AND SANTA FE AVE, LYNWOOD, CA",405-05462-2173
4/6/2005,MISCELLANEOUS NON-CRIMINAL,"12000 FERINA, NORWALK, CA",105-06637-0456
4/6/2005,PERSONS MISSING,"44600 3RD ST E, LANCASTER, CA  93535",005-07010-1132
4/6/2005,MISCELLANEOUS NON-CRIMINAL,"6700 S PASSONS BLVD, PICO RIVERA, CA",105-03157-1515
4/6/2005,GRAND THEFT AUTO,"3300 155TH ST, GARDENA, CA  90249",605-03349-0388
4/6/2005,VEHICLE / BOATING LAWS,"73RD AND HOOPER, FLORENCE, CA  90001",105-05463-2172
4/6/2005,JUVENILE NON-CRIMINAL,"4600 S CALICO AVE, PICO RIVERA, CA  90660",105-03158-1510
4/6/2005,DRUNK DRIVING VEHICLE / BOAT,"CARREY RD AND AMBERWOOD DR, WALNUT, CA  91789",105-02704-2914
4/6/2005,NARCOTICS,"AVALON BLVD AND REDONDO BEACH BLVD, COMPTON, CA",405-05153-2873
4/6/2005,LARCENY THEFT,"1800 HUNTSMAN CT, RANCHO PALOS VERDES, CA  90275",505-01274-1746
4/6/2005,BURGLARY,"8600 E FAIRVIEW AVE, SAN GABRIEL, CA",405-05092-0587
4/6/2005,WEAPON LAWS,"800 S MATTHISON AVE, COMPTON, CA  90221",405-05154-2835
4/6/2005,NARCOTICS,"16500 NORWALK BLVD, CERRITOS, CA  90703",405-01752-2318
4/6/2005,VEHICLE / BOATING LAWS,"PALMDALE BLVD AND 65TH ST E, PALMDALE, CA",105-06140-2607
4/6/2005,AGGRAVATED ASSAULT,"1400 75TH ST, LOS ANGELES, CA",405-05464-2172
4/6/2005,WEAPON LAWS,"1300 W 94TH ST, LOS ANGELES, CA",405-03350-0371
4/6/2005,MISCELLANEOUS NON-CRIMINAL,"33700 SAN GABRIEL AVE, ACTON, CA",505-06141-2646
4/6/2005,FORGERY,"10TH ST W AND AVENUE K, LANCASTER, CA",405-07011-1134
4/6/2005,NARCOTICS,"BEVERLY BLVD AND ROSEMEAD BLVD, PICO RIVERA, CA",405-03159-1510
4/6/2005,MISCELLANEOUS NON-CRIMINAL,"29400 THE OLD ROAD, CASTAIC, CA  91384",105-00446-5640
4/6/2005,MISCELLANEOUS NON-CRIMINAL,"SEAVER DR AND MALIBU CYN, MALIBU, CA  90265",105-01947-1015
4/6/2005,DISORDERLY CONDUCT,"2700 E VICTORIA ST, RANCHO DOMINGUEZ, CA",105-04372-1692
4/6/2005,NON-AGGRAVATED ASSAULTS,"PROSPECT AVE AND MADISON ST, CARSON, CA",105-04373-1622
4/6/2005,NARCOTICS,"400 E 124TH, LOS ANGELES, CA",405-00510-3670
4/6/2005,NARCOTICS,"3900 WALNUT GROVE AVE, ROSEMEAD, CA  91770",405-05093-0531
4/6/2005,DRUNK DRIVING VEHICLE / BOAT,"23700 SAN FERNANDO RD, NEWHALL, CA  91321",105-05528-0628
4/6/2005,FELONIES MISCELLANEOUS,"700 E 219TH ST, CARSON, CA",405-04374-1618
4/6/2005,NARCOTICS,"157TH ST AND HASKINS AVE, ROSEWOOD, CA",405-05155-2873
4/6/2005,VANDALISM,"22300 BARBACOA DR, SAUGUS, CA  91350",105-05529-0641
4/6/2005,MISCELLANEOUS NON-CRIMINAL,"500 BAUCHET ST, LOS ANGELES, CA  90012",105-00627-5120
4/6/2005,PERSONS MISSING,"28200 LODESTAR DR, SAUGUS, CA  91350",005-05530-0641
4/6/2005,VEHICLE / BOATING LAWS,"8000 SANTA MONICA BLVD, WEST HOLLYWOOD, CA",105-02388-0975
4/6/2005,VEHICLE / BOATING LAWS,"9400 WASHINGTON BLVD, PICO RIVERA, CA  90660",105-03160-1517
4/6/2005,AGGRAVATED ASSAULT,"16900 ENGLE ST, VALINDA, CA",405-05520-1441
4/6/2005,NON-AGGRAVATED ASSAULTS,"1000 E TUCKER ST, COMPTON, CA  90220",505-05156-2823
4/6/2005,VANDALISM,"5900 BARTMUS ST, COMMERCE, CA  90040",105-03951-0244
4/6/2005,MISDEMEANORS MISCELLANEOUS,"AVENUE H12 AND ELM AVE, LANCASTER, CA  93534",105-07012-1121
4/6/2005,VANDALISM,"6100 E WASHINGTON BLVD, COMMERCE, CA  90040",105-03952-0244
4/6/2005,FELONIES MISCELLANEOUS,"SIERRA HWY AND AMERICAN BEAUTY DR, CANYON COUNTRY, CA",605-05531-0631
4/6/2005,AGGRAVATED ASSAULT,"WESTERN AVE AND 8TH ST, LOS ANGELES, CA",405-02452-6894
4/6/2005,CRIMINAL HOMICIDE,"3300 EUCLID AVE, LYNWOOD, CA  90262",005-05465-2116
4/6/2005,FELONIES MISCELLANEOUS,"100 INDIAN SCHOOL LN, CARSON, CA  90745",405-04376-1627
4/6/2005,NARCOTICS,"154TH ST AND VISALIA AVE, COMPTON, CA",405-05157-2873
4/6/2005,MISCELLANEOUS NON-CRIMINAL,"13600 ABANA ST, CERRITOS, CA  90703",505-01753-2319
4/6/2005,NON-AGGRAVATED ASSAULTS,"2600 E 131ST ST, LOS ANGELES, CA",005-05466-2138
4/6/2005,AGGRAVATED ASSAULT,"15000 LAKEWOOD BLVD, BELLFLOWER, CA  90706",405-09312-1332
4/6/2005,NARCOTICS,"9500 BLK OF WASHINGTON BLVD, PICO RIVERA, CA  90660",405-03161-1517
4/6/2005,LARCENY THEFT,"17100 COLIMA RD, HACIENDA HEIGHTS, CA",405-05521-1470
4/6/2005,SUICIDE AND ATTEMPT,"9800 SAN GABRIEL CYN RD, SAN GABRIEL, CA  91775",105-01989-0880
4/6/2005,BURGLARY,"2600 126TH ST, LOS ANGELES, CA",405-05467-2138
4/6/2005,SEX OFFENSES FELONIES,"UNKNOWN UNKNOWN, ROSEMEAD, CA",005-05094-0532
4/6/2005,ROBBERY,"FIRESTONE BLVD AND HOLMES AVE, LOS ANGELES, CA",405-05468-2177
4/6/2005,BURGLARY,"600 E KETTERING ST, LANCASTER, CA  93535",405-07013-1132
4/7/2005,NARCOTICS,"2900 HUNTINGTON DR, DUARTE, CA",405-05095-0542
4/7/2005,MISCELLANEOUS NON-CRIMINAL,"22900 HILTON HEAD, DIAMOND BAR, CA",105-02705-2922
4/7/2005,ACCIDENTS MISCELLANEOUS,"12400 DEL AMO BLVD, LAKEWOOD, CA",405-09313-1328
4/7/2005,VANDALISM,"1100 CURSON AVE, WEST HOLLYWOOD, CA  90046",105-02389-0974
4/7/2005,GRAND THEFT AUTO,"21500 S ORRICK ST, CARSON, CA",605-04377-1618
4/7/2005,MISCELLANEOUS NON-CRIMINAL,"13500 IMPERIAL HWY, LA MIRADA, CA",105-06638-0467
4/7/2005,NON-AGGRAVATED ASSAULTS,"100 GOLD DUST LN, CARSON, CA",505-04378-1627
4/7/2005,LARCENY THEFT,"1700 WALNUT GROVE AVE, ROSEMEAD, CA",405-05096-0535
4/7/2005,LARCENY THEFT,"25500 THE OLD ROAD RD, STEVENSON RANCH, CA  91381",405-05532-0664
4/7/2005,NARCOTICS,"AVENUE H8 AND CEDAR ST, LANCASTER, CA  93534",405-07014-1121
4/7/2005,LARCENY THEFT,"5700 ROSEMEAD BLVD, TEMPLE CITY, CA  91780",405-05097-0522
4/7/2005,GRAND THEFT AUTO,"FERNWOOD AVE AND COPELAND, LYNWOOD, CA",605-05469-2112
4/7/2005,VEHICLE / BOATING LAWS,"HEATHDALE AND GLADSTONE, AZUSA, CA",105-01990-0869
4/7/2005,PERSONS MISSING,"700 S CORAL AVE, COMPTON, CA  90220",005-05158-2835
4/7/2005,VEHICLE / BOATING LAWS,"LONG BEACH BLVD AND MYRRH AVE, COMPTON, CA",105-05159-2846
4/7/2005,DRUNK DRIVING VEHICLE / BOAT,"LOMITA BLVD AND WESTERN AVE, LOMITA, CA",105-01275-1712
4/7/2005,MISDEMEANORS MISCELLANEOUS,"1000 1/2 FRASER AVE, EAST LOS ANGELES, CA  90022",105-03953-0284
4/7/2005,NARCOTICS,"22100 S MAIN ST, CARSON, CA",405-04379-1618
4/7/2005,NARCOTICS,"17400 GALE AVE, INDUSTRY, CA",405-05522-1418
4/7/2005,VANDALISM,"25300 VIA SISTINE, VALENCIA, CA  91355",405-05534-0624
4/7/2005,MISCELLANEOUS NON-CRIMINAL,"17400 GALE AVE, INDUSTRY, CA",105-05523-1418
4/7/2005,VEHICLE / BOATING LAWS,"OLIVE ST AND FIGUEROA, ALTADENA, CA",105-01078-0772
4/7/2005,BURGLARY,"300 E 220TH ST, CARSON, CA  90745",405-04380-1618
4/7/2005,VEHICLE / BOATING LAWS,"ALONDRA BLVD AND LONG BEACH BLVD, COMPTON, CA",105-05160-2846
4/7/2005,SEX OFFENSES MISDEMEANORS,"1600 S LONG BEACH BLVD, COMPTON, CA",105-05161-2843
4/7/2005,ARSON,,405-06639-0451
4/7/2005,VANDALISM,"3600 RANCHO CLUB DR, PALMDALE, CA",105-06142-2612
4/7/2005,VEHICLE / BOATING LAWS,"3100 BLK SAN GABRIEL BLVD, ROSEMEAD, CA",105-05098-0532
4/7/2005,AGGRAVATED ASSAULT,"4200 PERRY ST, EAST LOS ANGELES, CA  90023",405-03954-0273
4/7/2005,AGGRAVATED ASSAULT,"FLORENCE AVE AND CENTRAL AVE, FLORENCE, CA  90001",405-05471-2170
4/7/2005,MISCELLANEOUS NON-CRIMINAL,"19200 S MAIN ST, CARSON, CA",105-04381-1610
4/7/2005,NARCOTICS,"CANTARIA AVE AND LA CORTITA ST, ROWLAND HEIGHTS, CA  91748",405-02706-2931
4/7/2005,VEHICLE / BOATING LAWS,"TYLER AND RUSH, SOUTH EL MONTE, CA",105-05099-0562
4/7/2005,DRUNK DRIVING VEHICLE / BOAT,"10200 WASHINGTON ST, BELLFLOWER, CA  90706",105-09314-1333
4/7/2005,MISCELLANEOUS NON-CRIMINAL,"1300 S DOWNEY RD, EAST LOS ANGELES, CA  90023",105-03955-0278
4/7/2005,AGGRAVATED ASSAULT,"4300 LIVE OAK AVE, ARCADIA, CA",405-05100-0584
4/7/2005,NON-AGGRAVATED ASSAULTS,"SANTA FE AVE AND SANTA ANA ST, HUNTINGTON PARK, CA",505-05472-2178
4/7/2005,ACCIDENTS TRAFFIC/VEH./BOAT,"MAGIC MOUNTAIN PKWY AND MCBEAN PKWY, SANTA CLARITA, CA",105-05535-0644
4/7/2005,NON-AGGRAVATED ASSAULTS,"SAND CANYON RD AND DELONE DR, CANYON COUNTRY, CA  91351",505-05536-0632
4/7/2005,VEHICLE / BOATING LAWS,"3600 FOOTHILL BLVD, LA CRESCENTA, CA",105-00719-1286
4/7/2005,BURGLARY,"24300 VALENCIA BLVD, VALENCIA, CA  91355",405-05537-0608
4/7/2005,BURGLARY,"3300 LYNWOOD RD, LYNWOOD, CA  90262",405-05473-2117
4/7/2005,DISORDERLY CONDUCT,"1100 UNIVERSAL STUDIOS BLVD, UNIVERSAL CITY, CA  91608",405-02390-0980
4/7/2005,NON-AGGRAVATED ASSAULTS,"40500 30TH ST W, PALMDALE, CA  93551",505-06143-2640
4/7/2005,WEAPON LAWS,"2600 127TH ST, LOS ANGELES, CA",405-05474-2138
4/7/2005,VEHICLE / BOATING LAWS,"ROSEMEAD BLVD AND CALIFORNIA BLVD, SAN GABRIEL, CA",105-05101-0590
4/7/2005,NARCOTICS,"167TH ST E AND AWEETAIRE AVE, LAKE LOS ANGELES, CA  93535",405-07016-1197
4/7/2005,VEHICLE / BOATING LAWS,"HARBOR AND WHITTIER, LA HABRA HEIGHTS, CA",105-05524-1453
4/7/2005,MISCELLANEOUS NON-CRIMINAL,"10900 FIRESTONE AVE, NORWALK, CA",105-06640-0451
4/7/2005,MISCELLANEOUS NON-CRIMINAL,"10900 FIRESTONE AVE, NORWALK, CA",105-06641-0451
4/7/2005,BURGLARY,"44200 BEECH AVE, LANCASTER, CA  93534",405-07017-1123
4/7/2005,DRUNK / ALCOHOL / DRUGS,"LA CIENEGA BLVD AND SANTA MONICA BLVD, WEST HOLLYWOOD, CA",105-02391-0975
4/7/2005,LIQUOR LAWS,"LONG BEACH BLVD AND PECK ST, COMPTON, CA",105-05162-2825
4/7/2005,MISCELLANEOUS NON-CRIMINAL,"8TH ST E, PALMDALE, CA",105-06144-2637
4/7/2005,NARCOTICS,"WASHINGTON BLVD AND MARENGO AVE, ALTADENA, CA",405-01079-0777
4/7/2005,VEHICLE / BOATING LAWS,"5300 CLARK AVE, LAKEWOOD, CA",105-09316-1329
4/7/2005,MISCELLANEOUS NON-CRIMINAL,"8600 ELBURG ST, PARAMOUNT, CA  90723",105-09317-1365
4/7/2005,JUVENILE NON-CRIMINAL,"13000 S LIME ST, EAST RANCHO DOMINGUEZ, CA",105-05163-2851
4/7/2005,DISORDERLY CONDUCT,"45800 BALMORAL CT, LANCASTER, CA  93536",105-07018-1121
4/7/2005,MISCELLANEOUS NON-CRIMINAL,"1500 MARKDALE AVE, BOSTON, MA",105-06642-0454
4/7/2005,VEHICLE / BOATING LAWS,"38900 8TH ST E, PALMDALE, CA  93550",405-06145-2637
4/7/2005,PERSONS MISSING,"1600 W KILDARE ST, LANCASTER, CA  93534",005-07019-1125
4/7/2005,DRUNK DRIVING VEHICLE / BOAT,"GOLDEN SPRINGS DR AND PLANTINA DR, DIAMOND BAR, CA  91765",105-02707-2923
4/7/2005,NARCOTICS,"2700 DELTA AVE, ROSEMEAD, CA  91770",405-05102-0533
4/7/2005,MISCELLANEOUS NON-CRIMINAL,"9600 CALMADA AVE, WHITTIER, CA  90605",105-06643-0491
4/7/2005,NARCOTICS,"ATLANTIC AVE AND LAVINIA ST, LYNWOOD, CA",405-00512-3670
4/7/2005,PERSONS MISSING,"20800 THORNLAKE AVE, LAKEWOOD, CA  90715",005-09318-1328
4/7/2005,NON-AGGRAVATED ASSAULTS,"7500 MIRAMONTE BLVD, LOS ANGELES, CA",505-05475-2171
4/7/2005,NARCOTICS,"COMPTON BLVD AND STANFORD AVE, COMPTON, CA  90220",405-05164-2872
4/7/2005,VEHICLE / BOATING LAWS,"DATE AVE AND AVENUE H12, LANCASTER, CA  93534",105-07020-1121
4/7/2005,LARCENY THEFT,"14700 ANSFORD ST, HACIENDA HEIGHTS, CA",405-05525-1478
4/7/2005,DRUNK DRIVING VEHICLE / BOAT,"8800 SANTA MONICA BLVD, WEST HOLLYWOOD, CA",105-02392-0976
4/7/2005,NARCOTICS,"6400 SIVERETTE DR, PICO RIVERA, CA  90660",405-03162-1513
4/7/2005,MISCELLANEOUS NON-CRIMINAL,"23500 S AVALON BLVD, CARSON, CA",105-04382-1624
4/7/2005,MISCELLANEOUS NON-CRIMINAL,"16600 W SIERRA HWY, CANYON COUNTRY, CA",105-05538-0631
4/7/2005,MISCELLANEOUS NON-CRIMINAL,"25400 THE OLD ROAD RD, STEVENSON RANCH, CA",105-05539-0661
4/7/2005,MISCELLANEOUS NON-CRIMINAL,"25400 THE OLD ROAD RD, STEVENSON RANCH, CA",105-05540-0661
4/7/2005,MISCELLANEOUS NON-CRIMINAL,"25400 THE OLD ROAD RD, STEVENSON RANCH, CA",105-05541-0661
4/7/2005,MISCELLANEOUS NON-CRIMINAL,"23800 VALLE DEL ORO, SANTA CLARITA, CA  91355",105-05542-0627
4/7/2005,MISCELLANEOUS NON-CRIMINAL,"24400 BOTTLE TREE, SANTA CLARITA, CA  91355",105-05543-0627
4/7/2005,MISCELLANEOUS NON-CRIMINAL,"27400 RED BUD PL, CANYON COUNTRY, CA  91351",105-05544-0650
4/7/2005,MISCELLANEOUS NON-CRIMINAL,"23800 VALLE DEL ORO, SANTA CLARITA, CA  91350",105-05545-0627
4/7/2005,AGGRAVATED ASSAULT,"SANTA MONICA BLVD AND OVERLAND DR, LOS ANGELES, CA",405-02453-6878
4/7/2005,NARCOTICS,"AMELIA AVE AND 5TH ST, SAN DIMAS, CA  91773",405-01991-0812
4/7/2005,MISCELLANEOUS NON-CRIMINAL,"23500 S AVALON BLVD, CARSON, CA",105-04383-1627
4/7/2005,MISCELLANEOUS NON-CRIMINAL,"100 FWY, LANCASTER, CA",505-07021-1137
4/7/2005,NARCOTICS,"RATH AND LEBORGNE, WEST VALINDA, CA",405-05526-1420
4/7/2005,MISCELLANEOUS NON-CRIMINAL,"800 W AVENUE H8, LANCASTER, CA  93534",105-07022-1121
4/7/2005,MISCELLANEOUS NON-CRIMINAL,"17000 LAKEWOOD BLVD, BELLFLOWER, CA  90706",105-09319-1334
4/7/2005,NON-AGGRAVATED ASSAULTS,"39100 DIANRON RD, PALMDALE, CA",505-06146-2612
4/7/2005,MISCELLANEOUS NON-CRIMINAL,"CENTER AVE AND CALDWELL ST, COMPTON, CA",405-05165-2836
4/7/2005,MISCELLANEOUS NON-CRIMINAL,"12400 E DEL AMO BLVD, LAKEWOOD, CA",105-09320-1328
4/7/2005,MISCELLANEOUS NON-CRIMINAL,"12500 E CARSON ST, HAWAIIAN GARDENS, CA  90716",105-09321-1352
4/7/2005,PERSONS MISSING,"44200 63RD ST W, LANCASTER, CA  93536",105-07023-1159
